2025-11-10 10:55:30,590 - Knowledge - INFO - Created shared MongoDB connection pool
2025-11-10 10:55:30,593 - Knowledge - INFO - Starting Knowledge Graph processing with 50 threads
2025-11-10 10:55:30,594 - Knowledge - INFO - Initial configuration: chunk_size=65536, max_cache_size=500
2025-11-10 10:55:31,886 - Knowledge - INFO - 🔍 _load_persisted_knowledge called - checking for Redis optimization
2025-11-10 10:55:31,889 - Knowledge - WARNING - ❌ load_from_redis method not found - Redis support not attached
2025-11-10 10:55:31,895 - Knowledge - INFO - load persisted knowledge: begin
2025-11-10 10:55:31,903 - Knowledge - INFO - Loaded 0 files from persisted knowledge
2025-11-10 10:55:31,903 - Knowledge - INFO - load persisted knowledge: end
2025-11-10 10:55:31,903 - Knowledge - WARNING - No persisted knowledge found. Files will be queued during start()
2025-11-10 10:55:31,911 - Knowledge - INFO - Redis support added with prefix knowledge:b6028yl:
2025-11-10 10:55:32,941 - Knowledge - INFO - Starting knowledge initialization for ID: 9gPD3n-b6028yl
2025-11-10 10:55:32,944 - Knowledge - INFO - 🔍 Checking Redis for build_id: b6028yl
2025-11-10 10:55:32,945 - Knowledge - INFO - 🔍 Full session ID: 9gPD3n-b6028yl
2025-11-10 10:55:32,945 - Knowledge - INFO - 🔍 Redis prefix will be: knowledge:b6028yl:
2025-11-10 10:55:32,945 - Knowledge - INFO - 🔍 Using attached load_from_redis() method
2025-11-10 10:55:32,945 - Knowledge - INFO - 🔍 Attempting to load knowledge from Redis...
2025-11-10 10:55:32,946 - Knowledge - INFO - 🔍 Using derived instance_id for Redis lookup: b6028yl
2025-11-10 10:55:33,612 - Knowledge - WARNING - ❌ No Redis cache found
2025-11-10 10:55:34,223 - Knowledge - INFO - 📁 Loading knowledge from disk...
2025-11-10 10:55:34,293 - Knowledge - INFO - load persisted docinfo: begin
2025-11-10 10:55:34,301 - Knowledge - INFO - load persisted docinfo: end
2025-11-10 10:55:34,302 - Knowledge - INFO - 🔍 _load_persisted_knowledge called - checking for Redis optimization
2025-11-10 10:55:34,303 - Knowledge - INFO - ✅ load_from_redis method found - attempting Redis load
2025-11-10 10:55:34,303 - Knowledge - INFO - 🔍 Attempting to load knowledge from Redis...
2025-11-10 10:55:34,303 - Knowledge - INFO - 🔍 Using derived instance_id for Redis lookup: b6028yl
2025-11-10 10:55:35,115 - Knowledge - WARNING - ❌ No Redis cache found
2025-11-10 10:55:35,117 - Knowledge - INFO - ❌ Redis load returned False - falling back to file loading
2025-11-10 10:55:35,118 - Knowledge - INFO - load persisted knowledge: begin
2025-11-10 10:55:35,121 - Knowledge - INFO - Loaded 0 files from persisted knowledge
2025-11-10 10:55:35,121 - Knowledge - INFO - load persisted knowledge: end
2025-11-10 10:55:35,122 - Knowledge - INFO - 📁 Disk load complete in 0.90s
2025-11-10 10:55:35,122 - Knowledge - INFO - Populating ingest queue with source files...
2025-11-10 10:55:35,656 - Knowledge - INFO - Added 312 files from /app/data/T0002/46475/b6028yl/universalinit-46475 to ingest queue
2025-11-10 10:55:35,657 - Knowledge - INFO - Worker kw1 created using shared MongoDB connection pool
2025-11-10 10:55:35,658 - Knowledge - INFO - knowledge worker kw1 start
2025-11-10 10:55:35,659 - Knowledge - INFO - Worker kw2 created using shared MongoDB connection pool
2025-11-10 10:55:35,660 - Knowledge - INFO - [kw1] Queue=312, InProgress=0, PendingWorkers=0/1, Completed=0/312 (0.0%)
2025-11-10 10:55:35,661 - Knowledge - INFO - knowledge worker kw2 start
2025-11-10 10:55:35,662 - Knowledge - INFO - Worker kw3 created using shared MongoDB connection pool
2025-11-10 10:55:35,663 - Knowledge - INFO - Dynamic batch size: 100 for queue=312
2025-11-10 10:55:35,664 - Knowledge - INFO - [kw2] Queue=312, InProgress=0, PendingWorkers=0/2, Completed=0/312 (0.0%)
2025-11-10 10:55:35,665 - Knowledge - INFO - knowledge worker kw3 start
2025-11-10 10:55:35,665 - Knowledge - INFO - Worker kw4 created using shared MongoDB connection pool
2025-11-10 10:55:35,667 - Knowledge - INFO - Worker kw1 processing /app/data/T0002/46475/b6028yl/universalinit-46475/test/test_nuxt_template.py
2025-11-10 10:55:35,668 - Knowledge - INFO - [kw3] Queue=212, InProgress=0, PendingWorkers=1/3, Completed=0/312 (0.0%)
2025-11-10 10:55:35,669 - Knowledge - INFO - Fast-tracked /app/data/T0002/46475/b6028yl/universalinit-46475/test/test_nuxt_template.py (ext=.py, size=6395)
2025-11-10 10:55:35,670 - Knowledge - INFO - Dynamic batch size: 50 for queue=312
2025-11-10 10:55:35,670 - Knowledge - INFO - knowledge worker kw4 start
2025-11-10 10:55:35,670 - Knowledge - INFO - Worker kw5 created using shared MongoDB connection pool
2025-11-10 10:55:35,671 - Knowledge - INFO - Dynamic batch size: 100 for queue=212
2025-11-10 10:55:35,672 - Knowledge - INFO - Worker kw1 processing /app/data/T0002/46475/b6028yl/universalinit-46475/test/test_typescript_template.py
2025-11-10 10:55:35,676 - Knowledge - INFO - Worker kw2 processing /app/data/T0002/46475/b6028yl/universalinit-46475/src/universalinit/templates/qwik/src/components/starter/gauge/gauge.module.css
2025-11-10 10:55:35,678 - Knowledge - INFO - Worker kw3 processing /app/data/T0002/46475/b6028yl/universalinit-46475/src/universalinit/templates/express/src/app.js
2025-11-10 10:55:35,678 - Knowledge - INFO - [kw4] Queue=62, InProgress=0, PendingWorkers=3/4, Completed=0/312 (0.0%)
2025-11-10 10:55:35,679 - Knowledge - INFO - knowledge worker kw5 start
2025-11-10 10:55:35,680 - Knowledge - INFO - Worker kw6 created using shared MongoDB connection pool
2025-11-10 10:55:35,681 - Knowledge - INFO - Fast-tracked /app/data/T0002/46475/b6028yl/universalinit-46475/test/test_typescript_template.py (ext=.py, size=6086)
2025-11-10 10:55:35,681 - Knowledge - INFO - Fast-tracked /app/data/T0002/46475/b6028yl/universalinit-46475/src/universalinit/templates/qwik/src/components/starter/gauge/gauge.module.css (ext=.css, size=342)
2025-11-10 10:55:35,682 - Knowledge - INFO - Worker kw2 processing /app/data/T0002/46475/b6028yl/universalinit-46475/src/universalinit/templates/qwik/src/components/starter/gauge/index.tsx
2025-11-10 10:55:35,684 - Knowledge - INFO - knowledge worker kw6 start
2025-11-10 10:55:35,685 - Knowledge - INFO - Fast-tracked /app/data/T0002/46475/b6028yl/universalinit-46475/src/universalinit/templates/qwik/src/components/starter/gauge/index.tsx (ext=.tsx, size=1129)
2025-11-10 10:55:35,685 - Knowledge - INFO - Worker kw7 created using shared MongoDB connection pool
2025-11-10 10:55:35,686 - Knowledge - INFO - Fast-tracked /app/data/T0002/46475/b6028yl/universalinit-46475/src/universalinit/templates/express/src/app.js (ext=.js, size=949)
2025-11-10 10:55:35,687 - Knowledge - INFO - Worker kw1 processing /app/data/T0002/46475/b6028yl/universalinit-46475/test/test_slidev_template.py
2025-11-10 10:55:35,688 - Knowledge - INFO - Dynamic batch size: 20 for queue=62
2025-11-10 10:55:35,689 - Knowledge - INFO - Worker kw2 processing /app/data/T0002/46475/b6028yl/universalinit-46475/src/universalinit/templates/qwik/src/components/starter/header/header.module.css
2025-11-10 10:55:35,694 - Knowledge - INFO - Worker kw3 processing /app/data/T0002/46475/b6028yl/universalinit-46475/src/universalinit/templates/express/src/routes/index.js
2025-11-10 10:55:35,695 - Knowledge - INFO - knowledge worker kw7 start
2025-11-10 10:55:35,697 - Knowledge - INFO - Worker kw8 created using shared MongoDB connection pool
2025-11-10 10:55:35,698 - Knowledge - INFO - Fast-tracked /app/data/T0002/46475/b6028yl/universalinit-46475/test/test_slidev_template.py (ext=.py, size=9037)
2025-11-10 10:55:35,699 - Knowledge - INFO - Worker kw4 processing /app/data/T0002/46475/b6028yl/universalinit-46475/src/universalinit/templates/django/api/views.py
2025-11-10 10:55:35,700 - Knowledge - INFO - Fast-tracked /app/data/T0002/46475/b6028yl/universalinit-46475/src/universalinit/templates/qwik/src/components/starter/header/header.module.css (ext=.css, size=559)
2025-11-10 10:55:35,701 - Knowledge - INFO - Fast-tracked /app/data/T0002/46475/b6028yl/universalinit-46475/src/universalinit/templates/express/src/routes/index.js (ext=.js, size=940)
2025-11-10 10:55:35,702 - Knowledge - INFO - knowledge worker kw8 start
2025-11-10 10:55:35,703 - Knowledge - INFO - Worker kw9 created using shared MongoDB connection pool
2025-11-10 10:55:35,703 - Knowledge - INFO - Worker kw1 processing /app/data/T0002/46475/b6028yl/universalinit-46475/test/test_django_template.py
2025-11-10 10:55:35,704 - Knowledge - INFO - [kw5] Queue=42, InProgress=0, PendingWorkers=4/8, Completed=0/312 (0.0%)
2025-11-10 10:55:35,705 - Knowledge - INFO - [kw7] Queue=42, InProgress=0, PendingWorkers=4/8, Completed=0/312 (0.0%)
2025-11-10 10:55:35,706 - Knowledge - INFO - [kw6] Queue=42, InProgress=0, PendingWorkers=4/8, Completed=0/312 (0.0%)
2025-11-10 10:55:35,707 - Knowledge - INFO - Fast-tracked /app/data/T0002/46475/b6028yl/universalinit-46475/src/universalinit/templates/django/api/views.py (ext=.py, size=183)
2025-11-10 10:55:35,707 - Knowledge - INFO - Worker kw2 processing /app/data/T0002/46475/b6028yl/universalinit-46475/src/universalinit/templates/qwik/src/components/starter/header/header.tsx
2025-11-10 10:55:35,708 - Knowledge - INFO - Worker kw3 processing /app/data/T0002/46475/b6028yl/universalinit-46475/src/universalinit/templates/express/src/server.js
2025-11-10 10:55:35,709 - Knowledge - INFO - [kw8] Queue=42, InProgress=0, PendingWorkers=4/8, Completed=0/312 (0.0%)
2025-11-10 10:55:35,710 - Knowledge - INFO - knowledge worker kw9 start
2025-11-10 10:55:35,710 - Knowledge - INFO - Worker kw10 created using shared MongoDB connection pool
2025-11-10 10:55:35,711 - Knowledge - INFO - Fast-tracked /app/data/T0002/46475/b6028yl/universalinit-46475/test/test_django_template.py (ext=.py, size=5902)
2025-11-10 10:55:35,711 - Knowledge - INFO - Dynamic batch size: 20 for queue=42
2025-11-10 10:55:35,712 - Knowledge - INFO - Dynamic batch size: 20 for queue=42
2025-11-10 10:55:35,712 - Knowledge - INFO - Dynamic batch size: 20 for queue=42
2025-11-10 10:55:35,713 - Knowledge - INFO - Worker kw6 processing /app/data/T0002/46475/b6028yl/universalinit-46475/src/universalinit/templates/svelte/vite.config.ts
2025-11-10 10:55:35,714 - Knowledge - INFO - Fast-tracked /app/data/T0002/46475/b6028yl/universalinit-46475/src/universalinit/templates/qwik/src/components/starter/header/header.tsx (ext=.tsx, size=1063)
2025-11-10 10:55:35,715 - Knowledge - INFO - Fast-tracked /app/data/T0002/46475/b6028yl/universalinit-46475/src/universalinit/templates/express/src/server.js (ext=.js, size=476)
2025-11-10 10:55:35,715 - Knowledge - INFO - Dynamic batch size: 20 for queue=42
2025-11-10 10:55:35,718 - Knowledge - INFO - knowledge worker kw10 start
2025-11-10 10:55:35,718 - Knowledge - INFO - Worker kw11 created using shared MongoDB connection pool
2025-11-10 10:55:35,719 - Knowledge - INFO - Worker kw1 processing /app/data/T0002/46475/b6028yl/universalinit-46475/test/test_svelte_template.py
2025-11-10 10:55:35,720 - Knowledge - INFO - [kw9] Queue=22, InProgress=0, PendingWorkers=5/10, Completed=0/312 (0.0%)
2025-11-10 10:55:35,726 - Knowledge - INFO - Worker kw7 processing /app/data/T0002/46475/b6028yl/universalinit-46475/src/universalinit/templates/slidev/prettierrc.js
2025-11-10 10:55:35,731 - Knowledge - INFO - Fast-tracked /app/data/T0002/46475/b6028yl/universalinit-46475/test/test_svelte_template.py (ext=.py, size=6347)
2025-11-10 10:55:35,732 - Knowledge - INFO - Worker kw4 processing /app/data/T0002/46475/b6028yl/universalinit-46475/src/universalinit/templates/django/api/urls.py
2025-11-10 10:55:35,735 - Knowledge - INFO - Fast-tracked /app/data/T0002/46475/b6028yl/universalinit-46475/src/universalinit/templates/svelte/vite.config.ts (ext=.ts, size=1295)
2025-11-10 10:55:35,738 - Knowledge - INFO - Worker kw2 processing /app/data/T0002/46475/b6028yl/universalinit-46475/src/universalinit/templates/qwik/src/components/starter/infobox/infobox.module.css
2025-11-10 10:55:35,739 - Knowledge - INFO - Fast-tracked /app/data/T0002/46475/b6028yl/universalinit-46475/src/universalinit/templates/qwik/src/components/starter/infobox/infobox.module.css (ext=.css, size=289)
2025-11-10 10:55:35,739 - Knowledge - INFO - Worker kw8 processing /app/data/T0002/46475/b6028yl/universalinit-46475/pyproject.toml
2025-11-10 10:55:35,740 - Knowledge - INFO - Fast-tracked /app/data/T0002/46475/b6028yl/universalinit-46475/pyproject.toml (ext=.toml, size=564)
2025-11-10 10:55:35,748 - Knowledge - INFO - Worker kw8 processing /app/data/T0002/46475/b6028yl/universalinit-46475/README.md
2025-11-10 10:55:35,755 - Knowledge - INFO - Dynamic batch size: 20 for queue=22
2025-11-10 10:55:35,788 - Knowledge - INFO - Fast-tracked /app/data/T0002/46475/b6028yl/universalinit-46475/src/universalinit/templates/slidev/prettierrc.js (ext=.js, size=158)
2025-11-10 10:55:35,813 - Knowledge - INFO - Worker kw1 processing /app/data/T0002/46475/b6028yl/universalinit-46475/test/test_android_template.py
2025-11-10 10:55:35,824 - Knowledge - INFO - Fast-tracked /app/data/T0002/46475/b6028yl/universalinit-46475/src/universalinit/templates/django/api/urls.py (ext=.py, size=118)
2025-11-10 10:55:35,844 - Knowledge - INFO - Worker kw6 processing /app/data/T0002/46475/b6028yl/universalinit-46475/src/universalinit/templates/svelte/tsconfig.json
2025-11-10 10:55:35,860 - Knowledge - INFO - Worker kw3 processing /app/data/T0002/46475/b6028yl/universalinit-46475/src/universalinit/templates/express/src/middleware/index.js
2025-11-10 10:55:35,873 - Knowledge - INFO - Worker kw2 processing /app/data/T0002/46475/b6028yl/universalinit-46475/src/universalinit/templates/qwik/src/components/starter/infobox/infobox.tsx
2025-11-10 10:55:35,912 - Knowledge - INFO - knowledge worker kw11 start
2025-11-10 10:55:35,912 - Knowledge - INFO - Worker kw12 created using shared MongoDB connection pool
2025-11-10 10:55:35,915 - Knowledge - INFO - Worker kw7 processing /app/data/T0002/46475/b6028yl/universalinit-46475/src/universalinit/templates/nuxt/nuxt.config.ts
2025-11-10 10:55:35,916 - Knowledge - INFO - Fast-tracked /app/data/T0002/46475/b6028yl/universalinit-46475/README.md (ext=.md, size=6491)
2025-11-10 10:55:35,916 - Knowledge - INFO - Fast-tracked /app/data/T0002/46475/b6028yl/universalinit-46475/test/test_android_template.py (ext=.py, size=15198)
2025-11-10 10:55:35,917 - Knowledge - INFO - Worker kw4 processing /app/data/T0002/46475/b6028yl/universalinit-46475/src/universalinit/templates/django/api/models.py
2025-11-10 10:55:35,919 - Knowledge - INFO - Fast-tracked /app/data/T0002/46475/b6028yl/universalinit-46475/src/universalinit/templates/qwik/src/components/starter/infobox/infobox.tsx (ext=.tsx, size=263)
2025-11-10 10:55:35,920 - Knowledge - INFO - Fast-tracked /app/data/T0002/46475/b6028yl/universalinit-46475/src/universalinit/templates/svelte/tsconfig.json (ext=.json, size=649)
2025-11-10 10:55:35,921 - Knowledge - INFO - Worker kw2 processing /app/data/T0002/46475/b6028yl/universalinit-46475/src/universalinit/templates/qwik/src/components/starter/next-steps/next-steps.tsx
2025-11-10 10:55:35,922 - Knowledge - INFO - Fast-tracked /app/data/T0002/46475/b6028yl/universalinit-46475/src/universalinit/templates/express/src/middleware/index.js (ext=.js, size=113)
2025-11-10 10:55:35,924 - Knowledge - INFO - Fast-tracked /app/data/T0002/46475/b6028yl/universalinit-46475/src/universalinit/templates/nuxt/nuxt.config.ts (ext=.ts, size=243)
2025-11-10 10:55:35,924 - Knowledge - INFO - knowledge worker kw12 start
2025-11-10 10:55:35,925 - Knowledge - INFO - Worker kw13 created using shared MongoDB connection pool
2025-11-10 10:55:35,927 - Knowledge - INFO - Worker kw1 processing /app/data/T0002/46475/b6028yl/universalinit-46475/test/test_lightningjs_template.py
2025-11-10 10:55:35,928 - Knowledge - INFO - Fast-tracked /app/data/T0002/46475/b6028yl/universalinit-46475/test/test_lightningjs_template.py (ext=.py, size=6633)
2025-11-10 10:55:35,928 - Knowledge - INFO - Processing batch of 2 files
2025-11-10 10:55:35,929 - Knowledge - INFO - Worker kw6 processing /app/data/T0002/46475/b6028yl/universalinit-46475/src/universalinit/templates/svelte/README.md
2025-11-10 10:55:35,931 - Knowledge - INFO - Worker kw2 processing /app/data/T0002/46475/b6028yl/universalinit-46475/src/universalinit/templates/qwik/src/components/starter/next-steps/next-steps.module.css
2025-11-10 10:55:35,933 - Knowledge - INFO - Worker kw3 processing /app/data/T0002/46475/b6028yl/universalinit-46475/src/universalinit/templates/express/src/controllers/health.js
2025-11-10 10:55:35,933 - Knowledge - INFO - Worker kw7 processing /app/data/T0002/46475/b6028yl/universalinit-46475/src/universalinit/templates/nuxt/package.json
2025-11-10 10:55:35,936 - Knowledge - INFO - knowledge worker kw13 start
2025-11-10 10:55:35,936 - Knowledge - INFO - Worker kw14 created using shared MongoDB connection pool
2025-11-10 10:55:35,938 - Knowledge - INFO - Fast-tracked /app/data/T0002/46475/b6028yl/universalinit-46475/src/universalinit/templates/django/api/models.py (ext=.py, size=57)
2025-11-10 10:55:35,939 - Knowledge - INFO - Worker kw1 processing /app/data/T0002/46475/b6028yl/universalinit-46475/test/test_kotlin_template.py
2025-11-10 10:55:35,940 - Knowledge - INFO - Fast-tracked /app/data/T0002/46475/b6028yl/universalinit-46475/test/test_kotlin_template.py (ext=.py, size=13224)
2025-11-10 10:55:35,942 - Knowledge - INFO - Fast-tracked /app/data/T0002/46475/b6028yl/universalinit-46475/src/universalinit/templates/svelte/README.md (ext=.md, size=865)
2025-11-10 10:55:35,942 - Knowledge - INFO - Fast-tracked /app/data/T0002/46475/b6028yl/universalinit-46475/src/universalinit/templates/qwik/src/components/starter/next-steps/next-steps.module.css (ext=.css, size=604)
2025-11-10 10:55:35,944 - Knowledge - INFO - Fast-tracked /app/data/T0002/46475/b6028yl/universalinit-46475/src/universalinit/templates/nuxt/package.json (ext=.json, size=579)
2025-11-10 10:55:35,944 - Knowledge - INFO - Worker kw7 processing /app/data/T0002/46475/b6028yl/universalinit-46475/src/universalinit/templates/nuxt/config.yml
2025-11-10 10:55:35,952 - Knowledge - INFO - Fast-tracked /app/data/T0002/46475/b6028yl/universalinit-46475/src/universalinit/templates/express/src/controllers/health.js (ext=.js, size=246)
2025-11-10 10:55:35,955 - Knowledge - INFO - knowledge worker kw14 start
2025-11-10 10:55:35,957 - Knowledge - INFO - Worker kw4 processing /app/data/T0002/46475/b6028yl/universalinit-46475/src/universalinit/templates/django/api/apps.py
2025-11-10 10:55:35,957 - Knowledge - INFO - Worker kw15 created using shared MongoDB connection pool
2025-11-10 10:55:35,961 - Knowledge - INFO - process ingested knowledge for /app/data/T0002/46475/b6028yl/universalinit-46475/pyproject.toml
2025-11-10 10:55:35,962 - Knowledge - INFO - Worker kw1 processing /app/data/T0002/46475/b6028yl/universalinit-46475/test/test_flask_template.py
2025-11-10 10:55:35,962 - Knowledge - INFO - Worker kw6 processing /app/data/T0002/46475/b6028yl/universalinit-46475/src/universalinit/templates/typescript/src/style.css
2025-11-10 10:55:35,964 - Knowledge - INFO - Fast-tracked /app/data/T0002/46475/b6028yl/universalinit-46475/src/universalinit/templates/typescript/src/style.css (ext=.css, size=1523)
2025-11-10 10:55:35,968 - Knowledge - INFO - Fast-tracked /app/data/T0002/46475/b6028yl/universalinit-46475/src/universalinit/templates/nuxt/config.yml (ext=.yml, size=809)
2025-11-10 10:55:35,970 - Knowledge - INFO - Worker kw3 processing /app/data/T0002/46475/b6028yl/universalinit-46475/src/universalinit/templates/express/package.json
2025-11-10 10:55:35,972 - Knowledge - INFO - Fast-tracked /app/data/T0002/46475/b6028yl/universalinit-46475/src/universalinit/templates/django/api/apps.py (ext=.py, size=138)
2025-11-10 10:55:35,973 - Knowledge - INFO - knowledge worker kw15 start
2025-11-10 10:55:35,976 - Knowledge - INFO - Worker kw16 created using shared MongoDB connection pool
2025-11-10 10:55:35,978 - Knowledge - INFO - Fast-tracked /app/data/T0002/46475/b6028yl/universalinit-46475/test/test_flask_template.py (ext=.py, size=5874)
2025-11-10 10:55:35,979 - Knowledge - INFO - process ingested knowledge for /app/data/T0002/46475/b6028yl/universalinit-46475/README.md
2025-11-10 10:55:35,979 - Knowledge - INFO - Worker kw2 processing /app/data/T0002/46475/b6028yl/universalinit-46475/src/universalinit/templates/qwik/src/components/starter/footer/footer.tsx
2025-11-10 10:55:35,981 - Knowledge - INFO - Fast-tracked /app/data/T0002/46475/b6028yl/universalinit-46475/src/universalinit/templates/qwik/src/components/starter/footer/footer.tsx (ext=.tsx, size=560)
2025-11-10 10:55:35,982 - Knowledge - INFO - Worker kw7 processing /app/data/T0002/46475/b6028yl/universalinit-46475/src/universalinit/templates/nuxt/tsconfig.json
2025-11-10 10:55:35,983 - Knowledge - INFO - Fast-tracked /app/data/T0002/46475/b6028yl/universalinit-46475/src/universalinit/templates/express/package.json (ext=.json, size=644)
2025-11-10 10:55:35,983 - Knowledge - INFO - Worker kw4 processing /app/data/T0002/46475/b6028yl/universalinit-46475/src/universalinit/templates/django/config.yml
2025-11-10 10:55:35,986 - Knowledge - INFO - knowledge worker kw16 start
2025-11-10 10:55:35,988 - Knowledge - INFO - Worker kw17 created using shared MongoDB connection pool
2025-11-10 10:55:35,988 - Knowledge - INFO - Worker kw1 processing /app/data/T0002/46475/b6028yl/universalinit-46475/test/test_integration.py
2025-11-10 10:55:35,990 - Knowledge - INFO - Worker kw6 processing /app/data/T0002/46475/b6028yl/universalinit-46475/src/universalinit/templates/typescript/src/main.ts
2025-11-10 10:55:35,991 - Knowledge - INFO - Worker kw2 processing /app/data/T0002/46475/b6028yl/universalinit-46475/src/universalinit/templates/qwik/src/components/starter/footer/footer.module.css
2025-11-10 10:55:35,993 - Knowledge - INFO - Worker kw3 processing /app/data/T0002/46475/b6028yl/universalinit-46475/src/universalinit/templates/express/config.yml
2025-11-10 10:55:35,994 - Knowledge - INFO - Fast-tracked /app/data/T0002/46475/b6028yl/universalinit-46475/src/universalinit/templates/nuxt/tsconfig.json (ext=.json, size=94)
2025-11-10 10:55:35,996 - Knowledge - INFO - Fast-tracked /app/data/T0002/46475/b6028yl/universalinit-46475/src/universalinit/templates/django/config.yml (ext=.yml, size=1135)
2025-11-10 10:55:35,998 - Knowledge - INFO - knowledge worker kw17 start
2025-11-10 10:55:35,998 - Knowledge - INFO - Worker kw18 created using shared MongoDB connection pool
2025-11-10 10:55:36,000 - Knowledge - INFO - Fast-tracked /app/data/T0002/46475/b6028yl/universalinit-46475/test/test_integration.py (ext=.py, size=7898)
2025-11-10 10:55:36,001 - Knowledge - INFO - Fast-tracked /app/data/T0002/46475/b6028yl/universalinit-46475/src/universalinit/templates/typescript/src/main.ts (ext=.ts, size=781)
2025-11-10 10:55:36,005 - Knowledge - INFO - Fast-tracked /app/data/T0002/46475/b6028yl/universalinit-46475/src/universalinit/templates/qwik/src/components/starter/footer/footer.module.css (ext=.css, size=338)
2025-11-10 10:55:36,005 - Knowledge - INFO - Fast-tracked /app/data/T0002/46475/b6028yl/universalinit-46475/src/universalinit/templates/express/config.yml (ext=.yml, size=802)
2025-11-10 10:55:36,006 - Knowledge - INFO - Worker kw7 processing /app/data/T0002/46475/b6028yl/universalinit-46475/src/universalinit/templates/nuxt/README.md
2025-11-10 10:55:36,006 - Knowledge - INFO - Worker kw4 processing /app/data/T0002/46475/b6028yl/universalinit-46475/src/universalinit/templates/django/config/settings.py
2025-11-10 10:55:36,008 - Knowledge - INFO - knowledge worker kw18 start
2025-11-10 10:55:36,008 - Knowledge - INFO - Worker kw19 created using shared MongoDB connection pool
2025-11-10 10:55:36,009 - Knowledge - INFO - Worker kw1 processing /app/data/T0002/46475/b6028yl/universalinit-46475/test/test_astro_template.py
2025-11-10 10:55:36,010 - Knowledge - INFO - Fast-tracked /app/data/T0002/46475/b6028yl/universalinit-46475/test/test_astro_template.py (ext=.py, size=8764)
2025-11-10 10:55:36,011 - Knowledge - INFO - Worker kw2 processing /app/data/T0002/46475/b6028yl/universalinit-46475/src/universalinit/templates/qwik/src/root.tsx
2025-11-10 10:55:36,012 - Knowledge - INFO - Worker kw3 processing /app/data/T0002/46475/b6028yl/universalinit-46475/src/universalinit/templates/express/eslint.config.js
2025-11-10 10:55:36,013 - Knowledge - INFO - Fast-tracked /app/data/T0002/46475/b6028yl/universalinit-46475/src/universalinit/templates/nuxt/README.md (ext=.md, size=822)
2025-11-10 10:55:36,014 - Knowledge - INFO - Worker kw4 processing /app/data/T0002/46475/b6028yl/universalinit-46475/src/universalinit/templates/django/config/wsgi.py
2025-11-10 10:55:36,015 - Knowledge - INFO - knowledge worker kw19 start
2025-11-10 10:55:36,016 - Knowledge - INFO - Worker kw6 processing /app/data/T0002/46475/b6028yl/universalinit-46475/src/universalinit/templates/typescript/src/vite-env.d.ts
2025-11-10 10:55:36,017 - Knowledge - INFO - Worker kw20 created using shared MongoDB connection pool
2025-11-10 10:55:36,019 - Knowledge - INFO - Worker kw1 processing /app/data/T0002/46475/b6028yl/universalinit-46475/test/test_remix_template.py
2025-11-10 10:55:36,022 - Knowledge - INFO - Fast-tracked /app/data/T0002/46475/b6028yl/universalinit-46475/src/universalinit/templates/qwik/src/root.tsx (ext=.tsx, size=945)
2025-11-10 10:55:36,024 - Knowledge - INFO - Fast-tracked /app/data/T0002/46475/b6028yl/universalinit-46475/src/universalinit/templates/express/eslint.config.js (ext=.js, size=352)
2025-11-10 10:55:36,052 - Knowledge - INFO - Worker kw7 processing /app/data/T0002/46475/b6028yl/universalinit-46475/src/universalinit/templates/nuxt/eslint.config.mjs
2025-11-10 10:55:36,059 - Knowledge - INFO - Fast-tracked /app/data/T0002/46475/b6028yl/universalinit-46475/src/universalinit/templates/django/config/wsgi.py (ext=.py, size=389)
2025-11-10 10:55:36,061 - Knowledge - INFO - knowledge worker kw20 start
2025-11-10 10:55:36,063 - Knowledge - INFO - Worker kw21 created using shared MongoDB connection pool
2025-11-10 10:55:36,064 - Knowledge - INFO - Fast-tracked /app/data/T0002/46475/b6028yl/universalinit-46475/src/universalinit/templates/typescript/src/vite-env.d.ts (ext=.ts, size=38)
2025-11-10 10:55:36,065 - Knowledge - INFO - Fast-tracked /app/data/T0002/46475/b6028yl/universalinit-46475/test/test_remix_template.py (ext=.py, size=7433)
2025-11-10 10:55:36,068 - Knowledge - INFO - Worker kw2 processing /app/data/T0002/46475/b6028yl/universalinit-46475/src/universalinit/templates/qwik/src/entry.ssr.tsx
2025-11-10 10:55:36,070 - Knowledge - INFO - Worker kw3 processing /app/data/T0002/46475/b6028yl/universalinit-46475/src/universalinit/templates/express/swagger.js
2025-11-10 10:55:36,071 - Knowledge - INFO - Fast-tracked /app/data/T0002/46475/b6028yl/universalinit-46475/src/universalinit/templates/nuxt/eslint.config.mjs (ext=.mjs, size=1068)
2025-11-10 10:55:36,072 - Knowledge - INFO - Worker kw7 processing /app/data/T0002/46475/b6028yl/universalinit-46475/src/universalinit/templates/nuxt/server/tsconfig.json
2025-11-10 10:55:36,075 - Knowledge - INFO - knowledge worker kw21 start
2025-11-10 10:55:36,076 - Knowledge - INFO - Worker kw22 created using shared MongoDB connection pool
2025-11-10 10:55:36,076 - Knowledge - INFO - Worker kw6 processing /app/data/T0002/46475/b6028yl/universalinit-46475/src/universalinit/templates/typescript/src/counter.ts
2025-11-10 10:55:36,076 - Knowledge - INFO - Worker kw1 processing /app/data/T0002/46475/b6028yl/universalinit-46475/test/test_remotion_template.py
2025-11-10 10:55:36,080 - Knowledge - INFO - Fast-tracked /app/data/T0002/46475/b6028yl/universalinit-46475/src/universalinit/templates/qwik/src/entry.ssr.tsx (ext=.tsx, size=765)
2025-11-10 10:55:36,081 - Knowledge - INFO - Fast-tracked /app/data/T0002/46475/b6028yl/universalinit-46475/src/universalinit/templates/express/swagger.js (ext=.js, size=381)
2025-11-10 10:55:36,082 - Knowledge - INFO - Worker kw4 processing /app/data/T0002/46475/b6028yl/universalinit-46475/src/universalinit/templates/django/config/urls.py
2025-11-10 10:55:36,082 - Knowledge - INFO - Fast-tracked /app/data/T0002/46475/b6028yl/universalinit-46475/src/universalinit/templates/nuxt/server/tsconfig.json (ext=.json, size=49)
2025-11-10 10:55:36,083 - Knowledge - INFO - Fast-tracked /app/data/T0002/46475/b6028yl/universalinit-46475/src/universalinit/templates/django/config/urls.py (ext=.py, size=1445)
2025-11-10 10:55:36,084 - Knowledge - INFO - knowledge worker kw22 start
2025-11-10 10:55:36,084 - Knowledge - INFO - Worker kw23 created using shared MongoDB connection pool
2025-11-10 10:55:36,087 - Knowledge - INFO - Worker kw2 processing /app/data/T0002/46475/b6028yl/universalinit-46475/src/universalinit/templates/qwik/src/entry.preview.tsx
2025-11-10 10:55:36,088 - Knowledge - INFO - Fast-tracked /app/data/T0002/46475/b6028yl/universalinit-46475/src/universalinit/templates/typescript/src/counter.ts (ext=.ts, size=274)
2025-11-10 10:55:36,091 - Knowledge - INFO - Fast-tracked /app/data/T0002/46475/b6028yl/universalinit-46475/test/test_remotion_template.py (ext=.py, size=6016)
2025-11-10 10:55:36,091 - Knowledge - INFO - Worker kw3 processing /app/data/T0002/46475/b6028yl/universalinit-46475/src/universalinit/templates/flutter/test/widget_test.dart
2025-11-10 10:55:36,093 - Knowledge - INFO - Worker kw7 processing /app/data/T0002/46475/b6028yl/universalinit-46475/src/universalinit/templates/react/src/App.css
2025-11-10 10:55:36,094 - Knowledge - INFO - Worker kw4 processing /app/data/T0002/46475/b6028yl/universalinit-46475/src/universalinit/templates/django/config/asgi.py
2025-11-10 10:55:36,100 - Knowledge - INFO - knowledge worker kw23 start
2025-11-10 10:55:36,101 - Knowledge - INFO - Worker kw24 created using shared MongoDB connection pool
2025-11-10 10:55:36,102 - Knowledge - INFO - Fast-tracked /app/data/T0002/46475/b6028yl/universalinit-46475/src/universalinit/templates/qwik/src/entry.preview.tsx (ext=.tsx, size=652)
2025-11-10 10:55:36,103 - Knowledge - INFO - Worker kw6 processing /app/data/T0002/46475/b6028yl/universalinit-46475/src/universalinit/templates/typescript/package.json
2025-11-10 10:55:36,104 - Knowledge - INFO - Worker kw1 processing /app/data/T0002/46475/b6028yl/universalinit-46475/test/test_vue_template.py
2025-11-10 10:55:36,105 - Knowledge - INFO - Fast-tracked /app/data/T0002/46475/b6028yl/universalinit-46475/src/universalinit/templates/flutter/test/widget_test.dart (ext=.dart, size=658)
2025-11-10 10:55:36,107 - Knowledge - INFO - Worker kw3 processing /app/data/T0002/46475/b6028yl/universalinit-46475/src/universalinit/templates/flutter/config.yml
2025-11-10 10:55:36,108 - Knowledge - INFO - Fast-tracked /app/data/T0002/46475/b6028yl/universalinit-46475/src/universalinit/templates/django/config/asgi.py (ext=.py, size=389)
2025-11-10 10:55:36,109 - Knowledge - INFO - Worker kw4 processing /app/data/T0002/46475/b6028yl/universalinit-46475/src/universalinit/templates/svelte/src/app.d.ts
2025-11-10 10:55:36,112 - Knowledge - INFO - knowledge worker kw24 start
2025-11-10 10:55:36,112 - Knowledge - INFO - Worker kw2 processing /app/data/T0002/46475/b6028yl/universalinit-46475/src/universalinit/templates/qwik/package.json
2025-11-10 10:55:36,113 - Knowledge - INFO - Worker kw25 created using shared MongoDB connection pool
2025-11-10 10:55:36,114 - Knowledge - INFO - Fast-tracked /app/data/T0002/46475/b6028yl/universalinit-46475/test/test_vue_template.py (ext=.py, size=5910)
2025-11-10 10:55:36,115 - Knowledge - INFO - Worker kw1 processing /app/data/T0002/46475/b6028yl/universalinit-46475/test/test_fastapi_template.py
2025-11-10 10:55:36,115 - Knowledge - INFO - Fast-tracked /app/data/T0002/46475/b6028yl/universalinit-46475/src/universalinit/templates/typescript/package.json (ext=.json, size=367)
2025-11-10 10:55:36,116 - Knowledge - INFO - Fast-tracked /app/data/T0002/46475/b6028yl/universalinit-46475/src/universalinit/templates/flutter/config.yml (ext=.yml, size=773)
2025-11-10 10:55:36,119 - Knowledge - INFO - Fast-tracked /app/data/T0002/46475/b6028yl/universalinit-46475/src/universalinit/templates/qwik/package.json (ext=.json, size=1370)
2025-11-10 10:55:36,120 - Knowledge - INFO - Fast-tracked /app/data/T0002/46475/b6028yl/universalinit-46475/src/universalinit/templates/svelte/src/app.d.ts (ext=.ts, size=274)
2025-11-10 10:55:36,120 - Knowledge - INFO - knowledge worker kw25 start
2025-11-10 10:55:36,121 - Knowledge - INFO - Worker kw26 created using shared MongoDB connection pool
2025-11-10 10:55:36,122 - Knowledge - INFO - Worker kw6 processing /app/data/T0002/46475/b6028yl/universalinit-46475/src/universalinit/templates/typescript/config.yml
2025-11-10 10:55:36,123 - Knowledge - INFO - Fast-tracked /app/data/T0002/46475/b6028yl/universalinit-46475/test/test_fastapi_template.py (ext=.py, size=5930)
2025-11-10 10:55:36,124 - Knowledge - INFO - Worker kw3 processing /app/data/T0002/46475/b6028yl/universalinit-46475/src/universalinit/templates/flutter/lib/main.dart
2025-11-10 10:55:36,125 - Knowledge - INFO - Fast-tracked /app/data/T0002/46475/b6028yl/universalinit-46475/src/universalinit/templates/react/src/App.css (ext=.css, size=1825)
2025-11-10 10:55:36,125 - Knowledge - INFO - Worker kw2 processing /app/data/T0002/46475/b6028yl/universalinit-46475/src/universalinit/templates/qwik/qwik.env.d.ts
2025-11-10 10:55:36,159 - Knowledge - INFO - Fast-tracked /app/data/T0002/46475/b6028yl/universalinit-46475/src/universalinit/templates/qwik/qwik.env.d.ts (ext=.ts, size=221)
2025-11-10 10:55:36,160 - Knowledge - INFO - knowledge worker kw26 start
2025-11-10 10:55:36,161 - Knowledge - INFO - Worker kw27 created using shared MongoDB connection pool
2025-11-10 10:55:36,162 - Knowledge - INFO - Fast-tracked /app/data/T0002/46475/b6028yl/universalinit-46475/src/universalinit/templates/typescript/config.yml (ext=.yml, size=817)
2025-11-10 10:55:36,163 - Knowledge - INFO - Worker kw1 processing /app/data/T0002/46475/b6028yl/universalinit-46475/test/test_vite_template.py
2025-11-10 10:55:36,165 - Knowledge - INFO - Worker kw7 processing /app/data/T0002/46475/b6028yl/universalinit-46475/src/universalinit/templates/react/src/App.js
2025-11-10 10:55:36,166 - Knowledge - INFO - Fast-tracked /app/data/T0002/46475/b6028yl/universalinit-46475/src/universalinit/templates/flutter/lib/main.dart (ext=.dart, size=1326)
2025-11-10 10:55:36,168 - Knowledge - INFO - Worker kw4 processing /app/data/T0002/46475/b6028yl/universalinit-46475/src/universalinit/templates/svelte/src/hooks.server.js
2025-11-10 10:55:36,168 - Knowledge - INFO - Fast-tracked /app/data/T0002/46475/b6028yl/universalinit-46475/src/universalinit/templates/svelte/src/hooks.server.js (ext=.js, size=881)
2025-11-10 10:55:36,171 - Knowledge - INFO - Worker kw2 processing /app/data/T0002/46475/b6028yl/universalinit-46475/src/universalinit/templates/qwik/config.yml
2025-11-10 10:55:36,172 - Knowledge - INFO - Worker kw6 processing /app/data/T0002/46475/b6028yl/universalinit-46475/src/universalinit/templates/typescript/tsconfig.json
2025-11-10 10:55:36,176 - Knowledge - INFO - Fast-tracked /app/data/T0002/46475/b6028yl/universalinit-46475/src/universalinit/templates/qwik/config.yml (ext=.yml, size=812)
2025-11-10 10:55:36,178 - Knowledge - INFO - Fast-tracked /app/data/T0002/46475/b6028yl/universalinit-46475/src/universalinit/templates/react/src/App.js (ext=.js, size=1001)
2025-11-10 10:55:36,180 - Knowledge - INFO - Worker kw3 processing /app/data/T0002/46475/b6028yl/universalinit-46475/src/universalinit/templates/flask/run.py
2025-11-10 10:55:36,180 - Knowledge - INFO - Worker kw4 processing /app/data/T0002/46475/b6028yl/universalinit-46475/src/universalinit/templates/svelte/src/app.html
2025-11-10 10:55:36,181 - Knowledge - INFO - Fast-tracked /app/data/T0002/46475/b6028yl/universalinit-46475/test/test_vite_template.py (ext=.py, size=6410)
2025-11-10 10:55:36,182 - Knowledge - INFO - knowledge worker kw27 start
2025-11-10 10:55:36,182 - Knowledge - INFO - Worker kw28 created using shared MongoDB connection pool
2025-11-10 10:55:36,183 - Knowledge - INFO - Fast-tracked /app/data/T0002/46475/b6028yl/universalinit-46475/src/universalinit/templates/typescript/tsconfig.json (ext=.json, size=570)
2025-11-10 10:55:36,184 - Knowledge - INFO - Worker kw2 processing /app/data/T0002/46475/b6028yl/universalinit-46475/src/universalinit/templates/qwik/vite.config.ts
2025-11-10 10:55:36,184 - Knowledge - INFO - Worker kw7 processing /app/data/T0002/46475/b6028yl/universalinit-46475/src/universalinit/templates/react/src/index.js
2025-11-10 10:55:36,186 - Knowledge - INFO - Fast-tracked /app/data/T0002/46475/b6028yl/universalinit-46475/src/universalinit/templates/svelte/src/app.html (ext=.html, size=346)
2025-11-10 10:55:36,186 - Knowledge - INFO - Worker kw1 processing /app/data/T0002/46475/b6028yl/universalinit-46475/test/test_nativescript_template.py
2025-11-10 10:55:36,188 - Knowledge - INFO - Fast-tracked /app/data/T0002/46475/b6028yl/universalinit-46475/src/universalinit/templates/react/src/index.js (ext=.js, size=254)
2025-11-10 10:55:36,188 - Knowledge - INFO - knowledge worker kw28 start
2025-11-10 10:55:36,189 - Knowledge - INFO - Worker kw29 created using shared MongoDB connection pool
2025-11-10 10:55:36,189 - Knowledge - INFO - Worker kw6 processing /app/data/T0002/46475/b6028yl/universalinit-46475/src/universalinit/templates/typescript/eslint.config.mjs
2025-11-10 10:55:36,192 - Knowledge - INFO - Worker kw2 processing /app/data/T0002/46475/b6028yl/universalinit-46475/src/universalinit/templates/qwik/tsconfig.json
2025-11-10 10:55:36,192 - Knowledge - INFO - Fast-tracked /app/data/T0002/46475/b6028yl/universalinit-46475/src/universalinit/templates/flask/run.py (ext=.py, size=62)
2025-11-10 10:55:36,193 - Knowledge - INFO - Worker kw4 processing /app/data/T0002/46475/b6028yl/universalinit-46475/src/universalinit/templates/svelte/src/routes/page.svelte.test.ts
2025-11-10 10:55:36,194 - Knowledge - INFO - Fast-tracked /app/data/T0002/46475/b6028yl/universalinit-46475/test/test_nativescript_template.py (ext=.py, size=11780)
2025-11-10 10:55:36,195 - Knowledge - INFO - Worker kw7 processing /app/data/T0002/46475/b6028yl/universalinit-46475/src/universalinit/templates/react/src/setupTests.js
2025-11-10 10:55:36,197 - Knowledge - INFO - knowledge worker kw29 start
2025-11-10 10:55:36,197 - Knowledge - INFO - Worker kw30 created using shared MongoDB connection pool
2025-11-10 10:55:36,198 - Knowledge - INFO - Fast-tracked /app/data/T0002/46475/b6028yl/universalinit-46475/src/universalinit/templates/typescript/eslint.config.mjs (ext=.mjs, size=772)
2025-11-10 10:55:36,199 - Knowledge - INFO - Worker kw3 processing /app/data/T0002/46475/b6028yl/universalinit-46475/src/universalinit/templates/flask/requirements.txt
2025-11-10 10:55:36,200 - Knowledge - INFO - Fast-tracked /app/data/T0002/46475/b6028yl/universalinit-46475/src/universalinit/templates/qwik/tsconfig.json (ext=.json, size=637)
2025-11-10 10:55:36,200 - Knowledge - INFO - Fast-tracked /app/data/T0002/46475/b6028yl/universalinit-46475/src/universalinit/templates/svelte/src/routes/page.svelte.test.ts (ext=.ts, size=352)
2025-11-10 10:55:36,200 - Knowledge - INFO - Worker kw1 processing /app/data/T0002/46475/b6028yl/universalinit-46475/test/test_nextjs_template.py
2025-11-10 10:55:36,203 - Knowledge - INFO - Fast-tracked /app/data/T0002/46475/b6028yl/universalinit-46475/src/universalinit/templates/react/src/setupTests.js (ext=.js, size=241)
2025-11-10 10:55:36,206 - Knowledge - INFO - Worker kw6 processing /app/data/T0002/46475/b6028yl/universalinit-46475/src/universalinit/templates/typescript/index.html
2025-11-10 10:55:36,206 - Knowledge - INFO - knowledge worker kw30 start
2025-11-10 10:55:36,208 - Knowledge - INFO - Fast-tracked /app/data/T0002/46475/b6028yl/universalinit-46475/src/universalinit/templates/flask/requirements.txt (ext=.txt, size=324)
2025-11-10 10:55:36,208 - Knowledge - INFO - Worker kw2 processing /app/data/T0002/46475/b6028yl/universalinit-46475/src/universalinit/templates/qwik/README.md
2025-11-10 10:55:36,209 - Knowledge - INFO - Worker kw4 processing /app/data/T0002/46475/b6028yl/universalinit-46475/src/universalinit/templates/svelte/src/demo.spec.ts
2025-11-10 10:55:36,212 - Knowledge - INFO - Worker kw7 processing /app/data/T0002/46475/b6028yl/universalinit-46475/src/universalinit/templates/react/src/index.css
2025-11-10 10:55:36,212 - Knowledge - INFO - Fast-tracked /app/data/T0002/46475/b6028yl/universalinit-46475/test/test_nextjs_template.py (ext=.py, size=7878)
2025-11-10 10:55:36,214 - Knowledge - INFO - Fast-tracked /app/data/T0002/46475/b6028yl/universalinit-46475/src/universalinit/templates/typescript/index.html (ext=.html, size=356)
2025-11-10 10:55:36,216 - Knowledge - INFO - Worker kw3 processing /app/data/T0002/46475/b6028yl/universalinit-46475/src/universalinit/templates/flask/config.yml
2025-11-10 10:55:36,258 - Knowledge - INFO - Fast-tracked /app/data/T0002/46475/b6028yl/universalinit-46475/src/universalinit/templates/qwik/README.md (ext=.md, size=2496)
2025-11-10 10:55:36,264 - Knowledge - INFO - Fast-tracked /app/data/T0002/46475/b6028yl/universalinit-46475/src/universalinit/templates/react/src/index.css (ext=.css, size=449)
2025-11-10 10:55:36,264 - Knowledge - INFO - Worker kw1 processing /app/data/T0002/46475/b6028yl/universalinit-46475/test/conftest.py
2025-11-10 10:55:36,265 - Knowledge - INFO - Worker kw6 processing /app/data/T0002/46475/b6028yl/universalinit-46475/src/universalinit/templates/slidev/pages/imported-slides.md
2025-11-10 10:55:36,266 - Knowledge - INFO - Fast-tracked /app/data/T0002/46475/b6028yl/universalinit-46475/src/universalinit/templates/svelte/src/demo.spec.ts (ext=.ts, size=148)
2025-11-10 10:55:36,269 - Knowledge - INFO - Fast-tracked /app/data/T0002/46475/b6028yl/universalinit-46475/src/universalinit/templates/flask/config.yml (ext=.yml, size=990)
2025-11-10 10:55:36,272 - Knowledge - INFO - Worker kw2 processing /app/data/T0002/46475/b6028yl/universalinit-46475/src/universalinit/templates/qwik/public/manifest.json
2025-11-10 10:55:36,273 - Knowledge - INFO - Fast-tracked /app/data/T0002/46475/b6028yl/universalinit-46475/src/universalinit/templates/qwik/public/manifest.json (ext=.json, size=258)
2025-11-10 10:55:36,276 - Knowledge - INFO - Fast-tracked /app/data/T0002/46475/b6028yl/universalinit-46475/test/conftest.py (ext=.py, size=1489)
2025-11-10 10:55:36,278 - Knowledge - INFO - Worker kw4 processing /app/data/T0002/46475/b6028yl/universalinit-46475/src/universalinit/templates/svelte/src/lib/index.ts
2025-11-10 10:55:36,279 - Knowledge - INFO - Fast-tracked /app/data/T0002/46475/b6028yl/universalinit-46475/src/universalinit/templates/slidev/pages/imported-slides.md (ext=.md, size=365)
2025-11-10 10:55:36,280 - Knowledge - INFO - Worker kw3 processing /app/data/T0002/46475/b6028yl/universalinit-46475/src/universalinit/templates/flask/app/routes/health.py
2025-11-10 10:55:36,282 - Knowledge - INFO - Worker kw7 processing /app/data/T0002/46475/b6028yl/universalinit-46475/src/universalinit/templates/react/package.json
2025-11-10 10:55:36,283 - Knowledge - INFO - Worker kw2 processing /app/data/T0002/46475/b6028yl/universalinit-46475/src/universalinit/templates/nextjs/src/app/page.tsx
2025-11-10 10:55:36,287 - Knowledge - INFO - Worker kw1 processing /app/data/T0002/46475/b6028yl/universalinit-46475/test/test_qwik_template.py
2025-11-10 10:55:36,290 - Knowledge - INFO - Fast-tracked /app/data/T0002/46475/b6028yl/universalinit-46475/src/universalinit/templates/svelte/src/lib/index.ts (ext=.ts, size=75)
2025-11-10 10:55:36,293 - Knowledge - INFO - Worker kw6 processing /app/data/T0002/46475/b6028yl/universalinit-46475/src/universalinit/templates/slidev/package.json
2025-11-10 10:55:36,295 - Knowledge - INFO - Fast-tracked /app/data/T0002/46475/b6028yl/universalinit-46475/src/universalinit/templates/slidev/package.json (ext=.json, size=908)
2025-11-10 10:55:36,297 - Knowledge - INFO - Fast-tracked /app/data/T0002/46475/b6028yl/universalinit-46475/src/universalinit/templates/react/package.json (ext=.json, size=672)
2025-11-10 10:55:36,298 - Knowledge - INFO - Worker kw2 processing /app/data/T0002/46475/b6028yl/universalinit-46475/src/universalinit/templates/nextjs/src/app/globals.css
2025-11-10 10:55:36,300 - Knowledge - INFO - Fast-tracked /app/data/T0002/46475/b6028yl/universalinit-46475/test/test_qwik_template.py (ext=.py, size=6926)
2025-11-10 10:55:36,300 - Knowledge - INFO - Worker kw4 processing /app/data/T0002/46475/b6028yl/universalinit-46475/src/universalinit/templates/svelte/package.json
2025-11-10 10:55:36,302 - Knowledge - INFO - Worker kw6 processing /app/data/T0002/46475/b6028yl/universalinit-46475/src/universalinit/templates/slidev/config.yml
2025-11-10 10:55:36,303 - Knowledge - INFO - Fast-tracked /app/data/T0002/46475/b6028yl/universalinit-46475/src/universalinit/templates/flask/app/routes/health.py (ext=.py, size=275)
2025-11-10 10:55:36,304 - Knowledge - INFO - Fast-tracked /app/data/T0002/46475/b6028yl/universalinit-46475/src/universalinit/templates/slidev/config.yml (ext=.yml, size=822)
2025-11-10 10:55:36,306 - Knowledge - INFO - Fast-tracked /app/data/T0002/46475/b6028yl/universalinit-46475/src/universalinit/templates/nextjs/src/app/globals.css (ext=.css, size=488)
2025-11-10 10:55:36,307 - Knowledge - INFO - Worker kw1 processing /app/data/T0002/46475/b6028yl/universalinit-46475/test/test_express_template.py
2025-11-10 10:55:36,308 - Knowledge - INFO - Fast-tracked /app/data/T0002/46475/b6028yl/universalinit-46475/src/universalinit/templates/svelte/package.json (ext=.json, size=1015)
2025-11-10 10:55:36,308 - Knowledge - INFO - Worker kw4 processing /app/data/T0002/46475/b6028yl/universalinit-46475/src/universalinit/templates/svelte/svelte.config.js
2025-11-10 10:55:36,309 - Knowledge - INFO - Worker kw7 processing /app/data/T0002/46475/b6028yl/universalinit-46475/src/universalinit/templates/react/config.yml
2025-11-10 10:55:36,310 - Knowledge - INFO - Worker kw6 processing /app/data/T0002/46475/b6028yl/universalinit-46475/src/universalinit/templates/slidev/snippets/external.ts
2025-11-10 10:55:36,312 - Knowledge - INFO - Worker kw2 processing /app/data/T0002/46475/b6028yl/universalinit-46475/src/universalinit/templates/nextjs/src/app/layout.tsx
2025-11-10 10:55:36,352 - Knowledge - INFO - Worker kw3 processing /app/data/T0002/46475/b6028yl/universalinit-46475/src/universalinit/templates/flask/app/__init__.py
2025-11-10 10:55:36,361 - Knowledge - INFO - Fast-tracked /app/data/T0002/46475/b6028yl/universalinit-46475/src/universalinit/templates/flask/app/__init__.py (ext=.py, size=516)
2025-11-10 10:55:36,361 - Knowledge - INFO - Fast-tracked /app/data/T0002/46475/b6028yl/universalinit-46475/test/test_express_template.py (ext=.py, size=5930)
2025-11-10 10:55:36,362 - Knowledge - INFO - Fast-tracked /app/data/T0002/46475/b6028yl/universalinit-46475/src/universalinit/templates/svelte/svelte.config.js (ext=.js, size=699)
2025-11-10 10:55:36,363 - Knowledge - INFO - Fast-tracked /app/data/T0002/46475/b6028yl/universalinit-46475/src/universalinit/templates/slidev/snippets/external.ts (ext=.ts, size=275)
2025-11-10 10:55:36,364 - Knowledge - INFO - Fast-tracked /app/data/T0002/46475/b6028yl/universalinit-46475/src/universalinit/templates/react/config.yml (ext=.yml, size=751)
2025-11-10 10:55:36,365 - Knowledge - INFO - Fast-tracked /app/data/T0002/46475/b6028yl/universalinit-46475/src/universalinit/templates/nextjs/src/app/layout.tsx (ext=.tsx, size=689)
2025-11-10 10:55:36,365 - Knowledge - INFO - Worker kw3 processing /app/data/T0002/46475/b6028yl/universalinit-46475/src/universalinit/templates/kotlin/config.yml
2025-11-10 10:55:36,366 - Knowledge - INFO - Worker kw1 processing /app/data/T0002/46475/b6028yl/universalinit-46475/test/test_angular_template.py
2025-11-10 10:55:36,366 - Knowledge - INFO - Worker kw4 processing /app/data/T0002/46475/b6028yl/universalinit-46475/src/universalinit/templates/svelte/config.yml
2025-11-10 10:55:36,368 - Knowledge - INFO - Worker kw6 processing /app/data/T0002/46475/b6028yl/universalinit-46475/src/universalinit/templates/slidev/vercel.json
2025-11-10 10:55:36,369 - Knowledge - INFO - Worker kw7 processing /app/data/T0002/46475/b6028yl/universalinit-46475/src/universalinit/templates/react/README.md
2025-11-10 10:55:36,370 - Knowledge - INFO - Worker kw2 processing /app/data/T0002/46475/b6028yl/universalinit-46475/src/universalinit/templates/nextjs/next.config.ts
2025-11-10 10:55:36,370 - Knowledge - INFO - Fast-tracked /app/data/T0002/46475/b6028yl/universalinit-46475/src/universalinit/templates/kotlin/config.yml (ext=.yml, size=821)
2025-11-10 10:55:36,371 - Knowledge - INFO - Fast-tracked /app/data/T0002/46475/b6028yl/universalinit-46475/test/test_angular_template.py (ext=.py, size=6119)
2025-11-10 10:55:36,373 - Knowledge - INFO - Fast-tracked /app/data/T0002/46475/b6028yl/universalinit-46475/src/universalinit/templates/svelte/config.yml (ext=.yml, size=849)
2025-11-10 10:55:36,374 - Knowledge - INFO - Fast-tracked /app/data/T0002/46475/b6028yl/universalinit-46475/src/universalinit/templates/slidev/vercel.json (ext=.json, size=144)
2025-11-10 10:55:36,375 - Knowledge - INFO - Fast-tracked /app/data/T0002/46475/b6028yl/universalinit-46475/src/universalinit/templates/react/README.md (ext=.md, size=2764)
2025-11-10 10:55:36,376 - Knowledge - INFO - Fast-tracked /app/data/T0002/46475/b6028yl/universalinit-46475/src/universalinit/templates/nextjs/next.config.ts (ext=.ts, size=133)
2025-11-10 10:55:36,377 - Knowledge - INFO - Worker kw3 processing /app/data/T0002/46475/b6028yl/universalinit-46475/src/universalinit/templates/kotlin/settings.gradle.kts
2025-11-10 10:55:36,377 - Knowledge - INFO - Worker kw1 processing /app/data/T0002/46475/b6028yl/universalinit-46475/test/test_flutter_template.py
2025-11-10 10:55:36,379 - Knowledge - INFO - Fast-tracked /app/data/T0002/46475/b6028yl/universalinit-46475/test/test_flutter_template.py (ext=.py, size=17178)
2025-11-10 10:55:36,379 - Knowledge - INFO - Worker kw6 processing /app/data/T0002/46475/b6028yl/universalinit-46475/src/universalinit/templates/slidev/netlify.toml
2025-11-10 10:55:36,381 - Knowledge - INFO - Fast-tracked /app/data/T0002/46475/b6028yl/universalinit-46475/src/universalinit/templates/slidev/netlify.toml (ext=.toml, size=230)
2025-11-10 10:55:36,382 - Knowledge - INFO - Worker kw2 processing /app/data/T0002/46475/b6028yl/universalinit-46475/src/universalinit/templates/nextjs/package.json
2025-11-10 10:55:36,384 - Knowledge - INFO - Worker kw4 processing /app/data/T0002/46475/b6028yl/universalinit-46475/src/universalinit/templates/svelte/eslint.config.js
2025-11-10 10:55:36,385 - Knowledge - INFO - Fast-tracked /app/data/T0002/46475/b6028yl/universalinit-46475/src/universalinit/templates/svelte/eslint.config.js (ext=.js, size=900)
2025-11-10 10:55:36,385 - Knowledge - INFO - Worker kw7 processing /app/data/T0002/46475/b6028yl/universalinit-46475/src/universalinit/templates/react/eslint.config.mjs
2025-11-10 10:55:36,386 - Knowledge - INFO - Fast-tracked /app/data/T0002/46475/b6028yl/universalinit-46475/src/universalinit/templates/react/eslint.config.mjs (ext=.mjs, size=725)
2025-11-10 10:55:36,387 - Knowledge - INFO - Fast-tracked /app/data/T0002/46475/b6028yl/universalinit-46475/src/universalinit/templates/nextjs/package.json (ext=.json, size=574)
2025-11-10 10:55:36,387 - Knowledge - INFO - Fast-tracked /app/data/T0002/46475/b6028yl/universalinit-46475/src/universalinit/templates/kotlin/settings.gradle.kts (ext=.kts, size=530)
2025-11-10 10:55:36,388 - Knowledge - INFO - Worker kw1 processing /app/data/T0002/46475/b6028yl/universalinit-46475/src/universalinit/universalinit.py
2025-11-10 10:55:36,388 - Knowledge - INFO - Worker kw4 processing /app/data/T0002/46475/b6028yl/universalinit-46475/src/universalinit/templates/svelte/vitest-setup-client.ts
2025-11-10 10:55:36,389 - Knowledge - INFO - Worker kw6 processing /app/data/T0002/46475/b6028yl/universalinit-46475/src/universalinit/templates/slidev/README.md
2025-11-10 10:55:36,390 - Knowledge - INFO - Worker kw7 processing /app/data/T0002/46475/b6028yl/universalinit-46475/src/universalinit/templates/react/public/index.html
2025-11-10 10:55:36,390 - Knowledge - INFO - Worker kw2 processing /app/data/T0002/46475/b6028yl/universalinit-46475/src/universalinit/templates/nextjs/config.yml
2025-11-10 10:55:36,391 - Knowledge - INFO - Worker kw3 processing /app/data/T0002/46475/b6028yl/universalinit-46475/src/universalinit/templates/kotlin/app/src/test/java/com/example/kotlin/ExampleUnitTest.kt
2025-11-10 10:55:36,393 - Knowledge - INFO - Fast-tracked /app/data/T0002/46475/b6028yl/universalinit-46475/src/universalinit/templates/svelte/vitest-setup-client.ts (ext=.ts, size=460)
2025-11-10 10:55:36,394 - Knowledge - INFO - Fast-tracked /app/data/T0002/46475/b6028yl/universalinit-46475/src/universalinit/templates/slidev/README.md (ext=.md, size=270)
2025-11-10 10:55:36,399 - Knowledge - INFO - Worker kw1 processing /app/data/T0002/46475/b6028yl/universalinit-46475/src/universalinit/templates.py
2025-11-10 10:55:36,399 - Knowledge - INFO - Fast-tracked /app/data/T0002/46475/b6028yl/universalinit-46475/src/universalinit/templates/react/public/index.html (ext=.html, size=1984)
2025-11-10 10:55:36,400 - Knowledge - INFO - Fast-tracked /app/data/T0002/46475/b6028yl/universalinit-46475/src/universalinit/templates/nextjs/config.yml (ext=.yml, size=826)
2025-11-10 10:55:36,402 - Knowledge - INFO - Fast-tracked /app/data/T0002/46475/b6028yl/universalinit-46475/src/universalinit/templates/kotlin/app/src/test/java/com/example/kotlin/ExampleUnitTest.kt (ext=.kt, size=342)
2025-11-10 10:55:36,404 - Knowledge - INFO - Worker kw6 processing /app/data/T0002/46475/b6028yl/universalinit-46475/src/universalinit/templates/slidev/slides.md
2025-11-10 10:55:36,405 - Knowledge - INFO - Worker kw7 processing /app/data/T0002/46475/b6028yl/universalinit-46475/src/universalinit/templates/react/public/robots.txt
2025-11-10 10:55:36,406 - Knowledge - INFO - Fast-tracked /app/data/T0002/46475/b6028yl/universalinit-46475/src/universalinit/templates.py (ext=.py, size=939)
2025-11-10 10:55:36,407 - Knowledge - INFO - Worker kw2 processing /app/data/T0002/46475/b6028yl/universalinit-46475/src/universalinit/templates/nextjs/tsconfig.json
2025-11-10 10:55:36,408 - Knowledge - INFO - Fast-tracked /app/data/T0002/46475/b6028yl/universalinit-46475/src/universalinit/templates/slidev/slides.md (ext=.md, size=13510)
2025-11-10 10:55:36,411 - Knowledge - INFO - Fast-tracked /app/data/T0002/46475/b6028yl/universalinit-46475/src/universalinit/templates/react/public/robots.txt (ext=.txt, size=67)
2025-11-10 10:55:36,412 - Knowledge - INFO - Worker kw1 processing /app/data/T0002/46475/b6028yl/universalinit-46475/src/universalinit/templateconfig.py
2025-11-10 10:55:36,417 - Knowledge - INFO - Fast-tracked /app/data/T0002/46475/b6028yl/universalinit-46475/src/universalinit/templates/nextjs/tsconfig.json (ext=.json, size=602)
2025-11-10 10:55:36,418 - Knowledge - INFO - Worker kw3 processing /app/data/T0002/46475/b6028yl/universalinit-46475/src/universalinit/templates/kotlin/app/src/androidTest/java/com/example/kotlin/ExampleInstrumentedTest.kt
2025-11-10 10:55:36,422 - Knowledge - INFO - Worker kw7 processing /app/data/T0002/46475/b6028yl/universalinit-46475/src/universalinit/templates/react/public/manifest.json
2025-11-10 10:55:36,424 - Knowledge - INFO - Worker kw1 processing /app/data/T0002/46475/b6028yl/universalinit-46475/src/universalinit/cli.py
2025-11-10 10:55:36,425 - Knowledge - INFO - Worker kw2 processing /app/data/T0002/46475/b6028yl/universalinit-46475/src/universalinit/templates/nextjs/README.md
2025-11-10 10:55:36,426 - Knowledge - INFO - Fast-tracked /app/data/T0002/46475/b6028yl/universalinit-46475/src/universalinit/templates/kotlin/app/src/androidTest/java/com/example/kotlin/ExampleInstrumentedTest.kt (ext=.kt, size=663)
2025-11-10 10:55:36,428 - Knowledge - INFO - Fast-tracked /app/data/T0002/46475/b6028yl/universalinit-46475/src/universalinit/templates/react/public/manifest.json (ext=.json, size=492)
2025-11-10 10:55:36,431 - Knowledge - INFO - Worker kw1 processing /app/data/T0002/46475/b6028yl/universalinit-46475/src/universalinit/templates/vue/env.d.ts
2025-11-10 10:55:36,431 - Knowledge - INFO - Worker kw3 processing /app/data/T0002/46475/b6028yl/universalinit-46475/src/universalinit/templates/kotlin/app/src/main/java/com/example/kotlin/FirstFragment.kt
2025-11-10 10:55:36,432 - Knowledge - INFO - Fast-tracked /app/data/T0002/46475/b6028yl/universalinit-46475/src/universalinit/templates/kotlin/app/src/main/java/com/example/kotlin/FirstFragment.kt (ext=.kt, size=1227)
2025-11-10 10:55:36,451 - Knowledge - INFO - Worker kw3 processing /app/data/T0002/46475/b6028yl/universalinit-46475/src/universalinit/templates/kotlin/app/src/main/java/com/example/kotlin/SecondFragment.kt
2025-11-10 10:55:36,454 - Knowledge - INFO - Fast-tracked /app/data/T0002/46475/b6028yl/universalinit-46475/src/universalinit/templates/nextjs/README.md (ext=.md, size=1450)
2025-11-10 10:55:36,455 - Knowledge - INFO - Fast-tracked /app/data/T0002/46475/b6028yl/universalinit-46475/src/universalinit/templates/vue/env.d.ts (ext=.ts, size=38)
2025-11-10 10:55:36,455 - Knowledge - INFO - Worker kw1 processing /app/data/T0002/46475/b6028yl/universalinit-46475/src/universalinit/templates/vue/vitest.config.ts
2025-11-10 10:55:36,467 - Knowledge - INFO - Worker kw2 processing /app/data/T0002/46475/b6028yl/universalinit-46475/src/universalinit/templates/nextjs/eslint.config.mjs
2025-11-10 10:55:36,468 - Knowledge - INFO - Fast-tracked /app/data/T0002/46475/b6028yl/universalinit-46475/src/universalinit/templates/kotlin/app/src/main/java/com/example/kotlin/SecondFragment.kt (ext=.kt, size=1231)
2025-11-10 10:55:36,475 - Knowledge - INFO - Fast-tracked /app/data/T0002/46475/b6028yl/universalinit-46475/src/universalinit/templates/vue/vitest.config.ts (ext=.ts, size=382)
2025-11-10 10:55:36,480 - Knowledge - INFO - Fast-tracked /app/data/T0002/46475/b6028yl/universalinit-46475/src/universalinit/templates/nextjs/eslint.config.mjs (ext=.mjs, size=393)
2025-11-10 10:55:36,480 - Knowledge - INFO - Worker kw3 processing /app/data/T0002/46475/b6028yl/universalinit-46475/src/universalinit/templates/kotlin/app/src/main/java/com/example/kotlin/MainActivity.kt
2025-11-10 10:55:36,495 - Knowledge - INFO - Worker kw1 processing /app/data/T0002/46475/b6028yl/universalinit-46475/src/universalinit/templates/vue/src/stores/counter.ts
2025-11-10 10:55:36,508 - Knowledge - INFO - Worker kw2 processing /app/data/T0002/46475/b6028yl/universalinit-46475/src/universalinit/templates/nextjs/postcss.config.mjs
2025-11-10 10:55:36,513 - Knowledge - INFO - Worker kw3 processing /app/data/T0002/46475/b6028yl/universalinit-46475/src/universalinit/templates/kotlin/app/src/main/res/values/colors.xml
2025-11-10 10:55:36,517 - Knowledge - INFO - Fast-tracked /app/data/T0002/46475/b6028yl/universalinit-46475/src/universalinit/templates/vue/src/stores/counter.ts (ext=.ts, size=306)
2025-11-10 10:55:36,518 - Knowledge - INFO - Fast-tracked /app/data/T0002/46475/b6028yl/universalinit-46475/src/universalinit/templates/nextjs/postcss.config.mjs (ext=.mjs, size=81)
2025-11-10 10:55:36,521 - Knowledge - INFO - Fast-tracked /app/data/T0002/46475/b6028yl/universalinit-46475/src/universalinit/templates/kotlin/app/src/main/res/values/colors.xml (ext=.xml, size=147)
2025-11-10 10:55:36,522 - Knowledge - INFO - Worker kw1 processing /app/data/T0002/46475/b6028yl/universalinit-46475/src/universalinit/templates/vue/src/main.ts
2025-11-10 10:55:36,523 - Knowledge - INFO - Worker kw2 processing /app/data/T0002/46475/b6028yl/universalinit-46475/src/universalinit/templates/angular/src/server.ts
2025-11-10 10:55:36,524 - Knowledge - INFO - Worker kw3 processing /app/data/T0002/46475/b6028yl/universalinit-46475/src/universalinit/templates/kotlin/app/src/main/res/values/strings.xml
2025-11-10 10:55:36,526 - Knowledge - INFO - Fast-tracked /app/data/T0002/46475/b6028yl/universalinit-46475/src/universalinit/templates/vue/src/main.ts (ext=.ts, size=242)
2025-11-10 10:55:36,532 - Knowledge - INFO - Fast-tracked /app/data/T0002/46475/b6028yl/universalinit-46475/src/universalinit/templates/angular/src/server.ts (ext=.ts, size=1785)
2025-11-10 10:55:36,532 - Knowledge - INFO - Worker kw2 processing /app/data/T0002/46475/b6028yl/universalinit-46475/src/universalinit/templates/angular/src/main.ts
2025-11-10 10:55:36,532 - Knowledge - INFO - Fast-tracked /app/data/T0002/46475/b6028yl/universalinit-46475/src/universalinit/templates/angular/src/main.ts (ext=.ts, size=250)
2025-11-10 10:55:36,532 - Knowledge - INFO - Worker kw2 processing /app/data/T0002/46475/b6028yl/universalinit-46475/src/universalinit/templates/angular/src/app/app.component.spec.ts
2025-11-10 10:55:36,554 - Knowledge - INFO - Worker kw1 processing /app/data/T0002/46475/b6028yl/universalinit-46475/src/universalinit/templates/vue/src/components/__tests__/HelloWorld.spec.ts
2025-11-10 10:55:36,564 - Knowledge - INFO - Fast-tracked /app/data/T0002/46475/b6028yl/universalinit-46475/src/universalinit/templates/kotlin/app/src/main/res/values/strings.xml (ext=.xml, size=3536)
2025-11-10 10:55:36,565 - Knowledge - INFO - Fast-tracked /app/data/T0002/46475/b6028yl/universalinit-46475/src/universalinit/templates/angular/src/app/app.component.spec.ts (ext=.ts, size=919)
2025-11-10 10:55:36,567 - Knowledge - INFO - Worker kw3 processing /app/data/T0002/46475/b6028yl/universalinit-46475/src/universalinit/templates/kotlin/app/src/main/res/values/themes.xml
2025-11-10 10:55:36,568 - Knowledge - INFO - Fast-tracked /app/data/T0002/46475/b6028yl/universalinit-46475/src/universalinit/templates/vue/src/components/__tests__/HelloWorld.spec.ts (ext=.ts, size=330)
2025-11-10 10:55:36,570 - Knowledge - INFO - Worker kw2 processing /app/data/T0002/46475/b6028yl/universalinit-46475/src/universalinit/templates/angular/src/app/app.config.ts
2025-11-10 10:55:36,573 - Knowledge - INFO - Fast-tracked /app/data/T0002/46475/b6028yl/universalinit-46475/src/universalinit/templates/kotlin/app/src/main/res/values/themes.xml (ext=.xml, size=390)
2025-11-10 10:55:36,576 - Knowledge - INFO - Worker kw1 processing /app/data/T0002/46475/b6028yl/universalinit-46475/src/universalinit/templates/vue/src/router/index.ts
2025-11-10 10:55:36,580 - Knowledge - INFO - Fast-tracked /app/data/T0002/46475/b6028yl/universalinit-46475/src/universalinit/templates/angular/src/app/app.config.ts (ext=.ts, size=438)
2025-11-10 10:55:36,581 - Knowledge - INFO - Worker kw3 processing /app/data/T0002/46475/b6028yl/universalinit-46475/src/universalinit/templates/kotlin/app/src/main/res/values/dimens.xml
2025-11-10 10:55:36,583 - Knowledge - INFO - Fast-tracked /app/data/T0002/46475/b6028yl/universalinit-46475/src/universalinit/templates/vue/src/router/index.ts (ext=.ts, size=591)
2025-11-10 10:55:36,586 - Knowledge - INFO - Worker kw2 processing /app/data/T0002/46475/b6028yl/universalinit-46475/src/universalinit/templates/angular/src/app/app.routes.ts
2025-11-10 10:55:36,588 - Knowledge - INFO - Fast-tracked /app/data/T0002/46475/b6028yl/universalinit-46475/src/universalinit/templates/kotlin/app/src/main/res/values/dimens.xml (ext=.xml, size=66)
2025-11-10 10:55:36,590 - Knowledge - INFO - Worker kw1 processing /app/data/T0002/46475/b6028yl/universalinit-46475/src/universalinit/templates/vue/src/assets/main.css
2025-11-10 10:55:36,592 - Knowledge - INFO - Worker kw3 processing /app/data/T0002/46475/b6028yl/universalinit-46475/src/universalinit/templates/kotlin/app/src/main/res/navigation/nav_graph.xml
2025-11-10 10:55:36,594 - Knowledge - INFO - Fast-tracked /app/data/T0002/46475/b6028yl/universalinit-46475/src/universalinit/templates/angular/src/app/app.routes.ts (ext=.ts, size=77)
2025-11-10 10:55:36,594 - Knowledge - INFO - Fast-tracked /app/data/T0002/46475/b6028yl/universalinit-46475/src/universalinit/templates/vue/src/assets/main.css (ext=.css, size=492)
2025-11-10 10:55:36,598 - Knowledge - INFO - Fast-tracked /app/data/T0002/46475/b6028yl/universalinit-46475/src/universalinit/templates/kotlin/app/src/main/res/navigation/nav_graph.xml (ext=.xml, size=1040)
2025-11-10 10:55:36,598 - Knowledge - INFO - Worker kw2 processing /app/data/T0002/46475/b6028yl/universalinit-46475/src/universalinit/templates/angular/src/app/app.component.html
2025-11-10 10:55:36,599 - Knowledge - INFO - Worker kw1 processing /app/data/T0002/46475/b6028yl/universalinit-46475/src/universalinit/templates/vue/src/assets/base.css
2025-11-10 10:55:36,603 - Knowledge - INFO - Worker kw3 processing /app/data/T0002/46475/b6028yl/universalinit-46475/src/universalinit/templates/kotlin/app/src/main/res/values-v23/themes.xml
2025-11-10 10:55:36,606 - Knowledge - INFO - Worker kw2 processing /app/data/T0002/46475/b6028yl/universalinit-46475/src/universalinit/templates/angular/src/app/app.component.ts
2025-11-10 10:55:36,609 - Knowledge - INFO - Fast-tracked /app/data/T0002/46475/b6028yl/universalinit-46475/src/universalinit/templates/vue/src/assets/base.css (ext=.css, size=2067)
2025-11-10 10:55:36,609 - Knowledge - INFO - Fast-tracked /app/data/T0002/46475/b6028yl/universalinit-46475/src/universalinit/templates/kotlin/app/src/main/res/values-v23/themes.xml (ext=.xml, size=439)
2025-11-10 10:55:36,657 - Knowledge - INFO - Fast-tracked /app/data/T0002/46475/b6028yl/universalinit-46475/src/universalinit/templates/angular/src/app/app.component.ts (ext=.ts, size=283)
2025-11-10 10:55:36,660 - Knowledge - INFO - Worker kw1 processing /app/data/T0002/46475/b6028yl/universalinit-46475/src/universalinit/templates/vue/eslint.config.ts
2025-11-10 10:55:36,661 - Knowledge - INFO - Worker kw3 processing /app/data/T0002/46475/b6028yl/universalinit-46475/src/universalinit/templates/kotlin/app/src/main/res/values-land/dimens.xml
2025-11-10 10:55:36,662 - Knowledge - INFO - Worker kw2 processing /app/data/T0002/46475/b6028yl/universalinit-46475/src/universalinit/templates/angular/src/app/app.config.server.ts
2025-11-10 10:55:36,664 - Knowledge - INFO - Fast-tracked /app/data/T0002/46475/b6028yl/universalinit-46475/src/universalinit/templates/vue/eslint.config.ts (ext=.ts, size=949)
2025-11-10 10:55:36,666 - Knowledge - INFO - Fast-tracked /app/data/T0002/46475/b6028yl/universalinit-46475/src/universalinit/templates/angular/src/app/app.config.server.ts (ext=.ts, size=351)
2025-11-10 10:55:36,667 - Knowledge - INFO - Worker kw1 processing /app/data/T0002/46475/b6028yl/universalinit-46475/src/universalinit/templates/vue/tsconfig.app.json
2025-11-10 10:55:36,667 - Knowledge - INFO - Fast-tracked /app/data/T0002/46475/b6028yl/universalinit-46475/src/universalinit/templates/kotlin/app/src/main/res/values-land/dimens.xml (ext=.xml, size=66)
2025-11-10 10:55:36,670 - Knowledge - INFO - Worker kw2 processing /app/data/T0002/46475/b6028yl/universalinit-46475/src/universalinit/templates/angular/src/styles.css
2025-11-10 10:55:36,676 - Knowledge - INFO - Worker kw3 processing /app/data/T0002/46475/b6028yl/universalinit-46475/src/universalinit/templates/kotlin/app/src/main/res/drawable/ic_launcher_foreground.xml
2025-11-10 10:55:36,676 - Knowledge - INFO - Fast-tracked /app/data/T0002/46475/b6028yl/universalinit-46475/src/universalinit/templates/vue/tsconfig.app.json (ext=.json, size=289)
2025-11-10 10:55:36,678 - Knowledge - INFO - Fast-tracked /app/data/T0002/46475/b6028yl/universalinit-46475/src/universalinit/templates/angular/src/styles.css (ext=.css, size=80)
2025-11-10 10:55:36,680 - Knowledge - INFO - Fast-tracked /app/data/T0002/46475/b6028yl/universalinit-46475/src/universalinit/templates/kotlin/app/src/main/res/drawable/ic_launcher_foreground.xml (ext=.xml, size=1702)
2025-11-10 10:55:36,681 - Knowledge - INFO - Worker kw1 processing /app/data/T0002/46475/b6028yl/universalinit-46475/src/universalinit/templates/vue/package.json
2025-11-10 10:55:36,684 - Knowledge - INFO - Worker kw2 processing /app/data/T0002/46475/b6028yl/universalinit-46475/src/universalinit/templates/angular/src/index.html
2025-11-10 10:55:36,686 - Knowledge - INFO - Worker kw3 processing /app/data/T0002/46475/b6028yl/universalinit-46475/src/universalinit/templates/kotlin/app/src/main/res/drawable/ic_launcher_background.xml
2025-11-10 10:55:36,687 - Knowledge - INFO - Fast-tracked /app/data/T0002/46475/b6028yl/universalinit-46475/src/universalinit/templates/vue/package.json (ext=.json, size=1165)
2025-11-10 10:55:36,688 - Knowledge - INFO - Fast-tracked /app/data/T0002/46475/b6028yl/universalinit-46475/src/universalinit/templates/angular/src/index.html (ext=.html, size=293)
2025-11-10 10:55:36,691 - Knowledge - INFO - Worker kw1 processing /app/data/T0002/46475/b6028yl/universalinit-46475/src/universalinit/templates/vue/tsconfig.vitest.json
2025-11-10 10:55:36,693 - Knowledge - INFO - Worker kw2 processing /app/data/T0002/46475/b6028yl/universalinit-46475/src/universalinit/templates/angular/src/main.server.ts
2025-11-10 10:55:36,694 - Knowledge - INFO - Fast-tracked /app/data/T0002/46475/b6028yl/universalinit-46475/src/universalinit/templates/kotlin/app/src/main/res/drawable/ic_launcher_background.xml (ext=.xml, size=5606)
2025-11-10 10:55:36,694 - Knowledge - INFO - Fast-tracked /app/data/T0002/46475/b6028yl/universalinit-46475/src/universalinit/templates/vue/tsconfig.vitest.json (ext=.json, size=254)
2025-11-10 10:55:36,696 - Knowledge - INFO - Fast-tracked /app/data/T0002/46475/b6028yl/universalinit-46475/src/universalinit/templates/angular/src/main.server.ts (ext=.ts, size=264)
2025-11-10 10:55:36,697 - Knowledge - INFO - Worker kw3 processing /app/data/T0002/46475/b6028yl/universalinit-46475/src/universalinit/templates/kotlin/app/src/main/res/values-w600dp/dimens.xml
2025-11-10 10:55:36,698 - Knowledge - INFO - Worker kw1 processing /app/data/T0002/46475/b6028yl/universalinit-46475/src/universalinit/templates/vue/config.yml
2025-11-10 10:55:36,699 - Knowledge - INFO - Worker kw2 processing /app/data/T0002/46475/b6028yl/universalinit-46475/src/universalinit/templates/angular/tsconfig.app.json
2025-11-10 10:55:36,700 - Knowledge - INFO - Fast-tracked /app/data/T0002/46475/b6028yl/universalinit-46475/src/universalinit/templates/kotlin/app/src/main/res/values-w600dp/dimens.xml (ext=.xml, size=66)
2025-11-10 10:55:36,702 - Knowledge - INFO - Fast-tracked /app/data/T0002/46475/b6028yl/universalinit-46475/src/universalinit/templates/vue/config.yml (ext=.yml, size=850)
2025-11-10 10:55:36,703 - Knowledge - INFO - Fast-tracked /app/data/T0002/46475/b6028yl/universalinit-46475/src/universalinit/templates/angular/tsconfig.app.json (ext=.json, size=489)
2025-11-10 10:55:36,704 - Knowledge - INFO - Worker kw3 processing /app/data/T0002/46475/b6028yl/universalinit-46475/src/universalinit/templates/kotlin/app/src/main/res/layout/activity_main.xml
2025-11-10 10:55:36,704 - Knowledge - INFO - Worker kw1 processing /app/data/T0002/46475/b6028yl/universalinit-46475/src/universalinit/templates/vue/vite.config.ts
2025-11-10 10:55:36,706 - Knowledge - INFO - Worker kw2 processing /app/data/T0002/46475/b6028yl/universalinit-46475/src/universalinit/templates/angular/package.json
2025-11-10 10:55:36,708 - Knowledge - INFO - Fast-tracked /app/data/T0002/46475/b6028yl/universalinit-46475/src/universalinit/templates/vue/vite.config.ts (ext=.ts, size=633)
2025-11-10 10:55:36,708 - Knowledge - INFO - Fast-tracked /app/data/T0002/46475/b6028yl/universalinit-46475/src/universalinit/templates/kotlin/app/src/main/res/layout/activity_main.xml (ext=.xml, size=1356)
2025-11-10 10:55:36,709 - Knowledge - INFO - Worker kw1 processing /app/data/T0002/46475/b6028yl/universalinit-46475/src/universalinit/templates/vue/tsconfig.node.json
2025-11-10 10:55:36,711 - Knowledge - INFO - Fast-tracked /app/data/T0002/46475/b6028yl/universalinit-46475/src/universalinit/templates/angular/package.json (ext=.json, size=1355)
2025-11-10 10:55:36,712 - Knowledge - INFO - Worker kw3 processing /app/data/T0002/46475/b6028yl/universalinit-46475/src/universalinit/templates/kotlin/app/src/main/res/layout/fragment_first.xml
2025-11-10 10:55:36,713 - Knowledge - INFO - Fast-tracked /app/data/T0002/46475/b6028yl/universalinit-46475/src/universalinit/templates/vue/tsconfig.node.json (ext=.json, size=414)
2025-11-10 10:55:36,714 - Knowledge - INFO - Worker kw2 processing /app/data/T0002/46475/b6028yl/universalinit-46475/src/universalinit/templates/angular/angular.json
2025-11-10 10:55:36,718 - Knowledge - INFO - Worker kw1 processing /app/data/T0002/46475/b6028yl/universalinit-46475/src/universalinit/templates/vue/tsconfig.json
2025-11-10 10:55:36,719 - Knowledge - INFO - Fast-tracked /app/data/T0002/46475/b6028yl/universalinit-46475/src/universalinit/templates/kotlin/app/src/main/res/layout/fragment_first.xml (ext=.xml, size=1564)
2025-11-10 10:55:36,761 - Knowledge - INFO - Fast-tracked /app/data/T0002/46475/b6028yl/universalinit-46475/src/universalinit/templates/angular/angular.json (ext=.json, size=2844)
2025-11-10 10:55:36,768 - Knowledge - INFO - Fast-tracked /app/data/T0002/46475/b6028yl/universalinit-46475/src/universalinit/templates/vue/tsconfig.json (ext=.json, size=191)
2025-11-10 10:55:36,768 - Knowledge - INFO - Worker kw3 processing /app/data/T0002/46475/b6028yl/universalinit-46475/src/universalinit/templates/kotlin/app/src/main/res/layout/content_main.xml
2025-11-10 10:55:36,770 - Knowledge - INFO - Worker kw1 processing /app/data/T0002/46475/b6028yl/universalinit-46475/src/universalinit/templates/vue/README.md
2025-11-10 10:55:36,771 - Knowledge - INFO - Worker kw2 processing /app/data/T0002/46475/b6028yl/universalinit-46475/src/universalinit/templates/angular/config.yml
2025-11-10 10:55:36,772 - Knowledge - INFO - Fast-tracked /app/data/T0002/46475/b6028yl/universalinit-46475/src/universalinit/templates/kotlin/app/src/main/res/layout/content_main.xml (ext=.xml, size=907)
2025-11-10 10:55:36,780 - Knowledge - INFO - Fast-tracked /app/data/T0002/46475/b6028yl/universalinit-46475/src/universalinit/templates/angular/config.yml (ext=.yml, size=844)
2025-11-10 10:55:36,780 - Knowledge - INFO - Worker kw3 processing /app/data/T0002/46475/b6028yl/universalinit-46475/src/universalinit/templates/kotlin/app/src/main/res/layout/fragment_second.xml
2025-11-10 10:55:36,780 - Knowledge - INFO - Fast-tracked /app/data/T0002/46475/b6028yl/universalinit-46475/src/universalinit/templates/vue/README.md (ext=.md, size=1008)
2025-11-10 10:55:36,792 - Knowledge - INFO - Worker kw2 processing /app/data/T0002/46475/b6028yl/universalinit-46475/src/universalinit/templates/angular/tsconfig.spec.json
2025-11-10 10:55:36,803 - Knowledge - INFO - Fast-tracked /app/data/T0002/46475/b6028yl/universalinit-46475/src/universalinit/templates/kotlin/app/src/main/res/layout/fragment_second.xml (ext=.xml, size=1573)
2025-11-10 10:55:36,811 - Knowledge - INFO - Worker kw1 processing /app/data/T0002/46475/b6028yl/universalinit-46475/src/universalinit/templates/vue/index.html
2025-11-10 10:55:36,820 - Knowledge - INFO - Fast-tracked /app/data/T0002/46475/b6028yl/universalinit-46475/src/universalinit/templates/angular/tsconfig.spec.json (ext=.json, size=434)
2025-11-10 10:55:36,820 - Knowledge - INFO - Worker kw3 processing /app/data/T0002/46475/b6028yl/universalinit-46475/src/universalinit/templates/kotlin/app/src/main/res/xml/data_extraction_rules.xml
2025-11-10 10:55:36,822 - Knowledge - INFO - Worker kw2 processing /app/data/T0002/46475/b6028yl/universalinit-46475/src/universalinit/templates/angular/tsconfig.json
2025-11-10 10:55:36,824 - Knowledge - INFO - Fast-tracked /app/data/T0002/46475/b6028yl/universalinit-46475/src/universalinit/templates/vue/index.html (ext=.html, size=329)
2025-11-10 10:55:36,826 - Knowledge - INFO - Fast-tracked /app/data/T0002/46475/b6028yl/universalinit-46475/src/universalinit/templates/angular/tsconfig.json (ext=.json, size=915)
2025-11-10 10:55:36,826 - Knowledge - INFO - Fast-tracked /app/data/T0002/46475/b6028yl/universalinit-46475/src/universalinit/templates/kotlin/app/src/main/res/xml/data_extraction_rules.xml (ext=.xml, size=551)
2025-11-10 10:55:36,833 - Knowledge - INFO - Worker kw1 processing /app/data/T0002/46475/b6028yl/universalinit-46475/src/universalinit/templates/fastapi/src/api/main.py
2025-11-10 10:55:36,835 - Knowledge - INFO - Worker kw2 processing /app/data/T0002/46475/b6028yl/universalinit-46475/src/universalinit/templates/angular/README.md
2025-11-10 10:55:36,835 - Knowledge - INFO - Worker kw3 processing /app/data/T0002/46475/b6028yl/universalinit-46475/src/universalinit/templates/kotlin/app/src/main/res/xml/backup_rules.xml
2025-11-10 10:55:36,855 - Knowledge - INFO - Fast-tracked /app/data/T0002/46475/b6028yl/universalinit-46475/src/universalinit/templates/fastapi/src/api/main.py (ext=.py, size=311)
2025-11-10 10:55:36,858 - Knowledge - INFO - Fast-tracked /app/data/T0002/46475/b6028yl/universalinit-46475/src/universalinit/templates/angular/README.md (ext=.md, size=1470)
2025-11-10 10:55:36,862 - Knowledge - INFO - Fast-tracked /app/data/T0002/46475/b6028yl/universalinit-46475/src/universalinit/templates/kotlin/app/src/main/res/xml/backup_rules.xml (ext=.xml, size=478)
2025-11-10 10:55:36,863 - Knowledge - INFO - Worker kw1 processing /app/data/T0002/46475/b6028yl/universalinit-46475/src/universalinit/templates/fastapi/requirements.txt
2025-11-10 10:55:36,865 - Knowledge - INFO - Worker kw2 processing /app/data/T0002/46475/b6028yl/universalinit-46475/src/universalinit/templates/angular/eslint.config.mjs
2025-11-10 10:55:36,866 - Knowledge - INFO - Worker kw3 processing /app/data/T0002/46475/b6028yl/universalinit-46475/src/universalinit/templates/kotlin/app/src/main/res/mipmap-anydpi-v26/ic_launcher.xml
2025-11-10 10:55:36,870 - Knowledge - INFO - Fast-tracked /app/data/T0002/46475/b6028yl/universalinit-46475/src/universalinit/templates/fastapi/requirements.txt (ext=.txt, size=742)
2025-11-10 10:55:36,871 - Knowledge - INFO - Fast-tracked /app/data/T0002/46475/b6028yl/universalinit-46475/src/universalinit/templates/angular/eslint.config.mjs (ext=.mjs, size=967)
2025-11-10 10:55:36,875 - Knowledge - INFO - Fast-tracked /app/data/T0002/46475/b6028yl/universalinit-46475/src/universalinit/templates/kotlin/app/src/main/res/mipmap-anydpi-v26/ic_launcher.xml (ext=.xml, size=343)
2025-11-10 10:55:36,877 - Knowledge - INFO - Worker kw1 processing /app/data/T0002/46475/b6028yl/universalinit-46475/src/universalinit/templates/fastapi/config.yml
2025-11-10 10:55:36,889 - Knowledge - INFO - Worker kw2 processing /app/data/T0002/46475/b6028yl/universalinit-46475/src/universalinit/templates/express/src/services/health.js
2025-11-10 10:55:36,891 - Knowledge - INFO - Worker kw3 processing /app/data/T0002/46475/b6028yl/universalinit-46475/src/universalinit/templates/kotlin/app/src/main/res/mipmap-anydpi-v26/ic_launcher_round.xml
2025-11-10 10:55:36,896 - Knowledge - INFO - Fast-tracked /app/data/T0002/46475/b6028yl/universalinit-46475/src/universalinit/templates/kotlin/app/src/main/res/mipmap-anydpi-v26/ic_launcher_round.xml (ext=.xml, size=343)
2025-11-10 10:55:36,902 - Knowledge - INFO - Fast-tracked /app/data/T0002/46475/b6028yl/universalinit-46475/src/universalinit/templates/express/src/services/health.js (ext=.js, size=280)
2025-11-10 10:55:36,903 - Knowledge - INFO - Fast-tracked /app/data/T0002/46475/b6028yl/universalinit-46475/src/universalinit/templates/fastapi/config.yml (ext=.yml, size=995)
2025-11-10 10:55:36,904 - Knowledge - INFO - Worker kw3 processing /app/data/T0002/46475/b6028yl/universalinit-46475/src/universalinit/templates/kotlin/app/src/main/res/menu/menu_main.xml
2025-11-10 10:55:36,907 - Knowledge - INFO - Worker kw1 processing /app/data/T0002/46475/b6028yl/universalinit-46475/src/universalinit/templates/vite/src/main.js
2025-11-10 10:55:36,909 - Knowledge - INFO - Fast-tracked /app/data/T0002/46475/b6028yl/universalinit-46475/src/universalinit/templates/kotlin/app/src/main/res/menu/menu_main.xml (ext=.xml, size=406)
2025-11-10 10:55:36,914 - Knowledge - INFO - Worker kw3 processing /app/data/T0002/46475/b6028yl/universalinit-46475/src/universalinit/templates/kotlin/app/src/main/res/values-night/themes.xml
2025-11-10 10:55:36,914 - Knowledge - INFO - Fast-tracked /app/data/T0002/46475/b6028yl/universalinit-46475/src/universalinit/templates/kotlin/app/src/main/res/values-night/themes.xml (ext=.xml, size=326)
2025-11-10 10:55:36,952 - Knowledge - INFO - Worker kw3 processing /app/data/T0002/46475/b6028yl/universalinit-46475/src/universalinit/templates/kotlin/app/src/main/res/values-w1240dp/dimens.xml
2025-11-10 10:55:36,953 - Knowledge - INFO - Fast-tracked /app/data/T0002/46475/b6028yl/universalinit-46475/src/universalinit/templates/vite/src/main.js (ext=.js, size=746)
2025-11-10 10:55:36,965 - Knowledge - INFO - Worker kw1 processing /app/data/T0002/46475/b6028yl/universalinit-46475/src/universalinit/templates/vite/src/style.css
2025-11-10 10:55:36,965 - Knowledge - INFO - Fast-tracked /app/data/T0002/46475/b6028yl/universalinit-46475/src/universalinit/templates/kotlin/app/src/main/res/values-w1240dp/dimens.xml (ext=.xml, size=67)
2025-11-10 10:55:36,966 - Knowledge - INFO - Worker kw3 processing /app/data/T0002/46475/b6028yl/universalinit-46475/src/universalinit/templates/kotlin/app/src/main/AndroidManifest.xml
2025-11-10 10:55:36,971 - Knowledge - INFO - Fast-tracked /app/data/T0002/46475/b6028yl/universalinit-46475/src/universalinit/templates/vite/src/style.css (ext=.css, size=1523)
2025-11-10 10:55:36,972 - Knowledge - INFO - Fast-tracked /app/data/T0002/46475/b6028yl/universalinit-46475/src/universalinit/templates/kotlin/app/src/main/AndroidManifest.xml (ext=.xml, size=978)
2025-11-10 10:55:36,978 - Knowledge - INFO - Worker kw1 processing /app/data/T0002/46475/b6028yl/universalinit-46475/src/universalinit/templates/vite/src/counter.js
2025-11-10 10:55:36,981 - Knowledge - INFO - Worker kw3 processing /app/data/T0002/46475/b6028yl/universalinit-46475/src/universalinit/templates/kotlin/app/build.gradle.kts
2025-11-10 10:55:36,987 - Knowledge - INFO - Fast-tracked /app/data/T0002/46475/b6028yl/universalinit-46475/src/universalinit/templates/vite/src/counter.js (ext=.js, size=247)
2025-11-10 10:55:36,989 - Knowledge - INFO - Fast-tracked /app/data/T0002/46475/b6028yl/universalinit-46475/src/universalinit/templates/kotlin/app/build.gradle.kts (ext=.kts, size=1332)
2025-11-10 10:55:36,989 - Knowledge - INFO - Worker kw1 processing /app/data/T0002/46475/b6028yl/universalinit-46475/src/universalinit/templates/vite/package.json
2025-11-10 10:55:36,992 - Knowledge - INFO - Worker kw3 processing /app/data/T0002/46475/b6028yl/universalinit-46475/src/universalinit/templates/kotlin/app/proguard-rules.pro
2025-11-10 10:55:36,995 - Knowledge - INFO - Fast-tracked /app/data/T0002/46475/b6028yl/universalinit-46475/src/universalinit/templates/kotlin/app/proguard-rules.pro (ext=.pro, size=750)
2025-11-10 10:55:36,997 - Knowledge - INFO - Worker kw3 processing /app/data/T0002/46475/b6028yl/universalinit-46475/src/universalinit/templates/kotlin/build.gradle.kts
2025-11-10 10:55:36,997 - Knowledge - INFO - Fast-tracked /app/data/T0002/46475/b6028yl/universalinit-46475/src/universalinit/templates/vite/package.json (ext=.json, size=506)
2025-11-10 10:55:37,003 - Knowledge - INFO - Worker kw1 processing /app/data/T0002/46475/b6028yl/universalinit-46475/src/universalinit/templates/vite/config.yml
2025-11-10 10:55:37,006 - Knowledge - INFO - Fast-tracked /app/data/T0002/46475/b6028yl/universalinit-46475/src/universalinit/templates/kotlin/build.gradle.kts (ext=.kts, size=218)
2025-11-10 10:55:37,008 - Knowledge - INFO - Fast-tracked /app/data/T0002/46475/b6028yl/universalinit-46475/src/universalinit/templates/vite/config.yml (ext=.yml, size=811)
2025-11-10 10:55:37,013 - Knowledge - INFO - Worker kw3 processing /app/data/T0002/46475/b6028yl/universalinit-46475/src/universalinit/templates/kotlin/gradle/libs.versions.toml
2025-11-10 10:55:37,014 - Knowledge - INFO - Worker kw1 processing /app/data/T0002/46475/b6028yl/universalinit-46475/src/universalinit/templates/vite/tsconfig.json
2025-11-10 10:55:37,017 - Knowledge - INFO - Fast-tracked /app/data/T0002/46475/b6028yl/universalinit-46475/src/universalinit/templates/kotlin/gradle/libs.versions.toml (ext=.toml, size=1398)
2025-11-10 10:55:37,017 - Knowledge - INFO - Fast-tracked /app/data/T0002/46475/b6028yl/universalinit-46475/src/universalinit/templates/vite/tsconfig.json (ext=.json, size=514)
2025-11-10 10:55:37,020 - Knowledge - INFO - Worker kw3 processing /app/data/T0002/46475/b6028yl/universalinit-46475/src/universalinit/templates/android/config.yml
2025-11-10 10:55:37,025 - Knowledge - INFO - Worker kw1 processing /app/data/T0002/46475/b6028yl/universalinit-46475/src/universalinit/templates/vite/eslint.config.mjs
2025-11-10 10:55:37,062 - Knowledge - INFO - Fast-tracked /app/data/T0002/46475/b6028yl/universalinit-46475/src/universalinit/templates/vite/eslint.config.mjs (ext=.mjs, size=772)
2025-11-10 10:55:37,062 - Knowledge - INFO - Fast-tracked /app/data/T0002/46475/b6028yl/universalinit-46475/src/universalinit/templates/android/config.yml (ext=.yml, size=876)
2025-11-10 10:55:37,064 - Knowledge - INFO - Worker kw1 processing /app/data/T0002/46475/b6028yl/universalinit-46475/src/universalinit/templates/vite/index.html
2025-11-10 10:55:37,065 - Knowledge - INFO - Worker kw3 processing /app/data/T0002/46475/b6028yl/universalinit-46475/src/universalinit/templates/android/init_script.sh
2025-11-10 10:55:37,069 - Knowledge - INFO - Fast-tracked /app/data/T0002/46475/b6028yl/universalinit-46475/src/universalinit/templates/vite/index.html (ext=.html, size=355)
2025-11-10 10:55:37,083 - Knowledge - INFO - Worker kw3 processing /app/data/T0002/46475/b6028yl/universalinit-46475/src/universalinit/templates/lightningjs/src/pages/Home.ts
2025-11-10 10:55:37,086 - Knowledge - INFO - Worker kw1 processing /app/data/T0002/46475/b6028yl/universalinit-46475/src/universalinit/templates/vite/vite.config.js
2025-11-10 10:55:37,090 - Knowledge - INFO - Worker kw3 processing /app/data/T0002/46475/b6028yl/universalinit-46475/src/universalinit/templates/lightningjs/src/App.ts
2025-11-10 10:55:37,102 - Knowledge - INFO - Fast-tracked /app/data/T0002/46475/b6028yl/universalinit-46475/src/universalinit/templates/vite/vite.config.js (ext=.js, size=314)
2025-11-10 10:55:37,105 - Knowledge - INFO - Fast-tracked /app/data/T0002/46475/b6028yl/universalinit-46475/src/universalinit/templates/lightningjs/src/App.ts (ext=.ts, size=221)
2025-11-10 10:55:37,115 - Knowledge - INFO - Worker kw3 processing /app/data/T0002/46475/b6028yl/universalinit-46475/src/universalinit/templates/lightningjs/src/components/Loader.ts
2025-11-10 10:55:37,117 - Knowledge - INFO - Worker kw1 processing /app/data/T0002/46475/b6028yl/universalinit-46475/src/universalinit/templates/nativescript/package.json
2025-11-10 10:55:37,120 - Knowledge - INFO - Fast-tracked /app/data/T0002/46475/b6028yl/universalinit-46475/src/universalinit/templates/nativescript/package.json (ext=.json, size=257)
2025-11-10 10:55:37,120 - Knowledge - INFO - Worker kw1 processing /app/data/T0002/46475/b6028yl/universalinit-46475/src/universalinit/templates/nativescript/webpack.config.js
2025-11-10 10:55:37,122 - Knowledge - INFO - Fast-tracked /app/data/T0002/46475/b6028yl/universalinit-46475/src/universalinit/templates/nativescript/webpack.config.js (ext=.js, size=207)
2025-11-10 10:55:37,122 - Knowledge - INFO - Worker kw1 processing /app/data/T0002/46475/b6028yl/universalinit-46475/src/universalinit/templates/nativescript/config.yml
2025-11-10 10:55:37,123 - Knowledge - INFO - Fast-tracked /app/data/T0002/46475/b6028yl/universalinit-46475/src/universalinit/templates/lightningjs/src/components/Loader.ts (ext=.ts, size=938)
2025-11-10 10:55:37,127 - Knowledge - INFO - Worker kw3 processing /app/data/T0002/46475/b6028yl/universalinit-46475/src/universalinit/templates/lightningjs/src/index.ts
2025-11-10 10:55:37,128 - Knowledge - INFO - Fast-tracked /app/data/T0002/46475/b6028yl/universalinit-46475/src/universalinit/templates/nativescript/config.yml (ext=.yml, size=1316)
2025-11-10 10:55:37,130 - Knowledge - INFO - Worker kw1 processing /app/data/T0002/46475/b6028yl/universalinit-46475/src/universalinit/templates/nativescript/app/app.css
2025-11-10 10:55:37,131 - Knowledge - INFO - Fast-tracked /app/data/T0002/46475/b6028yl/universalinit-46475/src/universalinit/templates/lightningjs/src/index.ts (ext=.ts, size=89)
2025-11-10 10:55:37,132 - Knowledge - INFO - Worker kw3 processing /app/data/T0002/46475/b6028yl/universalinit-46475/src/universalinit/templates/lightningjs/package.json
2025-11-10 10:55:37,152 - Knowledge - INFO - Fast-tracked /app/data/T0002/46475/b6028yl/universalinit-46475/src/universalinit/templates/nativescript/app/app.css (ext=.css, size=224)
2025-11-10 10:55:37,155 - Knowledge - INFO - Fast-tracked /app/data/T0002/46475/b6028yl/universalinit-46475/src/universalinit/templates/lightningjs/package.json (ext=.json, size=743)
2025-11-10 10:55:37,157 - Knowledge - INFO - Worker kw1 processing /app/data/T0002/46475/b6028yl/universalinit-46475/src/universalinit/templates/nativescript/app/app.js
2025-11-10 10:55:37,159 - Knowledge - INFO - Worker kw3 processing /app/data/T0002/46475/b6028yl/universalinit-46475/src/universalinit/templates/lightningjs/config.yml
2025-11-10 10:55:37,161 - Knowledge - INFO - Fast-tracked /app/data/T0002/46475/b6028yl/universalinit-46475/src/universalinit/templates/nativescript/app/app.js (ext=.js, size=197)
2025-11-10 10:55:37,162 - Knowledge - INFO - Fast-tracked /app/data/T0002/46475/b6028yl/universalinit-46475/src/universalinit/templates/lightningjs/config.yml (ext=.yml, size=818)
2025-11-10 10:55:37,163 - Knowledge - INFO - Worker kw1 processing /app/data/T0002/46475/b6028yl/universalinit-46475/src/universalinit/templates/nativescript/app/app-root.xml
2025-11-10 10:55:37,164 - Knowledge - INFO - Worker kw3 processing /app/data/T0002/46475/b6028yl/universalinit-46475/src/universalinit/templates/lightningjs/eslint.config.cjs
2025-11-10 10:55:37,167 - Knowledge - INFO - Fast-tracked /app/data/T0002/46475/b6028yl/universalinit-46475/src/universalinit/templates/lightningjs/eslint.config.cjs (ext=.cjs, size=1218)
2025-11-10 10:55:37,168 - Knowledge - INFO - Worker kw3 processing /app/data/T0002/46475/b6028yl/universalinit-46475/src/universalinit/templates/lightningjs/tsconfig.json
2025-11-10 10:55:37,168 - Knowledge - INFO - Fast-tracked /app/data/T0002/46475/b6028yl/universalinit-46475/src/universalinit/templates/nativescript/app/app-root.xml (ext=.xml, size=39)
2025-11-10 10:55:37,169 - Knowledge - INFO - Worker kw1 processing /app/data/T0002/46475/b6028yl/universalinit-46475/src/universalinit/templates/nativescript/app/home/home-page.xml
2025-11-10 10:55:37,170 - Knowledge - INFO - Fast-tracked /app/data/T0002/46475/b6028yl/universalinit-46475/src/universalinit/templates/nativescript/app/home/home-page.xml (ext=.xml, size=236)
2025-11-10 10:55:37,170 - Knowledge - INFO - Fast-tracked /app/data/T0002/46475/b6028yl/universalinit-46475/src/universalinit/templates/lightningjs/tsconfig.json (ext=.json, size=199)
2025-11-10 10:55:37,174 - Knowledge - INFO - Worker kw1 processing /app/data/T0002/46475/b6028yl/universalinit-46475/src/universalinit/templates/nativescript/app/home/home-view-model.js
2025-11-10 10:55:37,176 - Knowledge - INFO - Worker kw3 processing /app/data/T0002/46475/b6028yl/universalinit-46475/src/universalinit/templates/lightningjs/README.md
2025-11-10 10:55:37,178 - Knowledge - INFO - Fast-tracked /app/data/T0002/46475/b6028yl/universalinit-46475/src/universalinit/templates/nativescript/app/home/home-view-model.js (ext=.js, size=189)
2025-11-10 10:55:37,181 - Knowledge - INFO - Worker kw1 processing /app/data/T0002/46475/b6028yl/universalinit-46475/src/universalinit/templates/nativescript/app/home/home-page.js
2025-11-10 10:55:37,182 - Knowledge - INFO - Fast-tracked /app/data/T0002/46475/b6028yl/universalinit-46475/src/universalinit/templates/lightningjs/README.md (ext=.md, size=1341)
2025-11-10 10:55:37,182 - Knowledge - INFO - Worker kw3 processing /app/data/T0002/46475/b6028yl/universalinit-46475/src/universalinit/templates/lightningjs/index.html
2025-11-10 10:55:37,184 - Knowledge - INFO - Fast-tracked /app/data/T0002/46475/b6028yl/universalinit-46475/src/universalinit/templates/nativescript/app/home/home-page.js (ext=.js, size=163)
2025-11-10 10:55:37,186 - Knowledge - INFO - Fast-tracked /app/data/T0002/46475/b6028yl/universalinit-46475/src/universalinit/templates/lightningjs/index.html (ext=.html, size=292)
2025-11-10 10:55:37,187 - Knowledge - INFO - Worker kw1 processing /app/data/T0002/46475/b6028yl/universalinit-46475/src/universalinit/templates/nativescript/nativescript.config.ts
2025-11-10 10:55:37,188 - Knowledge - INFO - Worker kw3 processing /app/data/T0002/46475/b6028yl/universalinit-46475/src/universalinit/templates/lightningjs/vite.config.js
2025-11-10 10:55:37,192 - Knowledge - INFO - Fast-tracked /app/data/T0002/46475/b6028yl/universalinit-46475/src/universalinit/templates/nativescript/nativescript.config.ts (ext=.ts, size=262)
2025-11-10 10:55:37,192 - Knowledge - INFO - Worker kw1 processing /app/data/T0002/46475/b6028yl/universalinit-46475/src/universalinit/templates/nativescript/App_Resources/Android/src/main/res/values/colors.xml
2025-11-10 10:55:37,194 - Knowledge - INFO - Fast-tracked /app/data/T0002/46475/b6028yl/universalinit-46475/src/universalinit/templates/lightningjs/vite.config.js (ext=.js, size=711)
2025-11-10 10:55:37,197 - Knowledge - INFO - Worker kw3 processing /app/data/T0002/46475/b6028yl/universalinit-46475/src/universalinit/templates/astro/package.json
2025-11-10 10:55:37,200 - Knowledge - INFO - Fast-tracked /app/data/T0002/46475/b6028yl/universalinit-46475/src/universalinit/templates/nativescript/App_Resources/Android/src/main/res/values/colors.xml (ext=.xml, size=604)
2025-11-10 10:55:37,201 - Knowledge - INFO - Worker kw1 processing /app/data/T0002/46475/b6028yl/universalinit-46475/src/universalinit/templates/nativescript/App_Resources/Android/src/main/res/values/styles.xml
2025-11-10 10:55:37,201 - Knowledge - INFO - Fast-tracked /app/data/T0002/46475/b6028yl/universalinit-46475/src/universalinit/templates/astro/package.json (ext=.json, size=543)
2025-11-10 10:55:37,202 - Knowledge - INFO - Worker kw3 processing /app/data/T0002/46475/b6028yl/universalinit-46475/src/universalinit/templates/astro/config.yml
2025-11-10 10:55:37,204 - Knowledge - INFO - Fast-tracked /app/data/T0002/46475/b6028yl/universalinit-46475/src/universalinit/templates/astro/config.yml (ext=.yml, size=810)
2025-11-10 10:55:37,204 - Knowledge - INFO - Worker kw3 processing /app/data/T0002/46475/b6028yl/universalinit-46475/src/universalinit/templates/astro/tsconfig.json
2025-11-10 10:55:37,206 - Knowledge - INFO - Fast-tracked /app/data/T0002/46475/b6028yl/universalinit-46475/src/universalinit/templates/nativescript/App_Resources/Android/src/main/res/values/styles.xml (ext=.xml, size=1710)
2025-11-10 10:55:37,210 - Knowledge - INFO - Worker kw1 processing /app/data/T0002/46475/b6028yl/universalinit-46475/src/universalinit/templates/nativescript/App_Resources/Android/src/main/res/values/ic_launcher_background.xml
2025-11-10 10:55:37,213 - Knowledge - INFO - Fast-tracked /app/data/T0002/46475/b6028yl/universalinit-46475/src/universalinit/templates/nativescript/App_Resources/Android/src/main/res/values/ic_launcher_background.xml (ext=.xml, size=120)
2025-11-10 10:55:37,213 - Knowledge - INFO - Fast-tracked /app/data/T0002/46475/b6028yl/universalinit-46475/src/universalinit/templates/astro/tsconfig.json (ext=.json, size=109)
2025-11-10 10:55:37,214 - Knowledge - INFO - Worker kw1 processing /app/data/T0002/46475/b6028yl/universalinit-46475/src/universalinit/templates/nativescript/App_Resources/Android/src/main/res/drawable/ic_launcher_foreground.xml
2025-11-10 10:55:37,216 - Knowledge - INFO - Worker kw3 processing /app/data/T0002/46475/b6028yl/universalinit-46475/src/universalinit/templates/astro/astro.config.mjs
2025-11-10 10:55:37,220 - Knowledge - INFO - Fast-tracked /app/data/T0002/46475/b6028yl/universalinit-46475/src/universalinit/templates/astro/astro.config.mjs (ext=.mjs, size=162)
2025-11-10 10:55:37,221 - Knowledge - INFO - Worker kw3 processing /app/data/T0002/46475/b6028yl/universalinit-46475/src/universalinit/templates/astro/README.md
2025-11-10 10:55:37,222 - Knowledge - INFO - Fast-tracked /app/data/T0002/46475/b6028yl/universalinit-46475/src/universalinit/templates/nativescript/App_Resources/Android/src/main/res/drawable/ic_launcher_foreground.xml (ext=.xml, size=1229)
2025-11-10 10:55:37,225 - Knowledge - INFO - Worker kw1 processing /app/data/T0002/46475/b6028yl/universalinit-46475/src/universalinit/templates/nativescript/App_Resources/Android/src/main/res/values-v21/colors.xml
2025-11-10 10:55:37,251 - Knowledge - INFO - Fast-tracked /app/data/T0002/46475/b6028yl/universalinit-46475/src/universalinit/templates/astro/README.md (ext=.md, size=2108)
2025-11-10 10:55:37,256 - Knowledge - INFO - Worker kw3 processing /app/data/T0002/46475/b6028yl/universalinit-46475/src/universalinit/templates/astro/eslint.config.mjs
2025-11-10 10:55:37,261 - Knowledge - INFO - Fast-tracked /app/data/T0002/46475/b6028yl/universalinit-46475/src/universalinit/templates/astro/eslint.config.mjs (ext=.mjs, size=999)
2025-11-10 10:55:37,261 - Knowledge - INFO - Worker kw3 processing /app/data/T0002/46475/b6028yl/universalinit-46475/src/universalinit/templates/remix/package.json
2025-11-10 10:55:37,263 - Knowledge - INFO - Fast-tracked /app/data/T0002/46475/b6028yl/universalinit-46475/src/universalinit/templates/nativescript/App_Resources/Android/src/main/res/values-v21/colors.xml (ext=.xml, size=196)
2025-11-10 10:55:37,263 - Knowledge - INFO - Processing batch of 20 files
2025-11-10 10:55:37,264 - Knowledge - INFO - Fast-tracked /app/data/T0002/46475/b6028yl/universalinit-46475/src/universalinit/templates/remix/package.json (ext=.json, size=1235)
2025-11-10 10:55:37,265 - Knowledge - INFO - Worker kw1 processing /app/data/T0002/46475/b6028yl/universalinit-46475/src/universalinit/templates/nativescript/App_Resources/Android/src/main/res/values-v21/styles.xml
2025-11-10 10:55:37,266 - Knowledge - INFO - Processing batch of 20 files
2025-11-10 10:55:37,269 - Knowledge - INFO - process ingested knowledge for /app/data/T0002/46475/b6028yl/universalinit-46475/src/universalinit/templates/svelte/vite.config.ts
2025-11-10 10:55:37,270 - Knowledge - INFO - Worker kw3 processing /app/data/T0002/46475/b6028yl/universalinit-46475/src/universalinit/templates/remix/config.yml
2025-11-10 10:55:37,273 - Knowledge - INFO - process ingested knowledge for /app/data/T0002/46475/b6028yl/universalinit-46475/src/universalinit/templates/slidev/prettierrc.js
2025-11-10 10:55:37,273 - Knowledge - INFO - Fast-tracked /app/data/T0002/46475/b6028yl/universalinit-46475/src/universalinit/templates/nativescript/App_Resources/Android/src/main/res/values-v21/styles.xml (ext=.xml, size=1544)
2025-11-10 10:55:37,280 - Knowledge - INFO - Fast-tracked /app/data/T0002/46475/b6028yl/universalinit-46475/src/universalinit/templates/remix/config.yml (ext=.yml, size=813)
2025-11-10 10:55:37,285 - Knowledge - INFO - Worker kw1 processing /app/data/T0002/46475/b6028yl/universalinit-46475/src/universalinit/templates/nativescript/App_Resources/Android/src/main/res/values-v29/styles.xml
2025-11-10 10:55:37,286 - Knowledge - INFO - Worker kw3 processing /app/data/T0002/46475/b6028yl/universalinit-46475/src/universalinit/templates/remix/postcss.config.js
2025-11-10 10:55:37,288 - Knowledge - INFO - Fast-tracked /app/data/T0002/46475/b6028yl/universalinit-46475/src/universalinit/templates/remix/postcss.config.js (ext=.js, size=81)
2025-11-10 10:55:37,292 - Knowledge - INFO - Fast-tracked /app/data/T0002/46475/b6028yl/universalinit-46475/src/universalinit/templates/nativescript/App_Resources/Android/src/main/res/values-v29/styles.xml (ext=.xml, size=573)
2025-11-10 10:55:37,293 - Knowledge - INFO - Worker kw3 processing /app/data/T0002/46475/b6028yl/universalinit-46475/src/universalinit/templates/remix/app/entry.server.tsx
2025-11-10 10:55:37,295 - Knowledge - INFO - process ingested knowledge for /app/data/T0002/46475/b6028yl/universalinit-46475/src/universalinit/templates/svelte/tsconfig.json
2025-11-10 10:55:37,296 - Knowledge - INFO - Worker kw1 processing /app/data/T0002/46475/b6028yl/universalinit-46475/src/universalinit/templates/nativescript/App_Resources/Android/src/main/res/mipmap-anydpi-v26/ic_launcher.xml
2025-11-10 10:55:37,299 - Knowledge - INFO - Fast-tracked /app/data/T0002/46475/b6028yl/universalinit-46475/src/universalinit/templates/nativescript/App_Resources/Android/src/main/res/mipmap-anydpi-v26/ic_launcher.xml (ext=.xml, size=267)
2025-11-10 10:55:37,306 - Knowledge - INFO - Worker kw3 processing /app/data/T0002/46475/b6028yl/universalinit-46475/src/universalinit/templates/remix/app/entry.client.tsx
2025-11-10 10:55:37,310 - Knowledge - INFO - Worker kw1 processing /app/data/T0002/46475/b6028yl/universalinit-46475/src/universalinit/templates/nativescript/App_Resources/Android/src/main/res/drawable-nodpi/splash_screen.xml
2025-11-10 10:55:37,313 - Knowledge - INFO - process ingested knowledge for /app/data/T0002/46475/b6028yl/universalinit-46475/src/universalinit/templates/nuxt/nuxt.config.ts
2025-11-10 10:55:37,314 - Knowledge - INFO - Fast-tracked /app/data/T0002/46475/b6028yl/universalinit-46475/src/universalinit/templates/remix/app/entry.client.tsx (ext=.tsx, size=561)
2025-11-10 10:55:37,316 - Knowledge - INFO - Fast-tracked /app/data/T0002/46475/b6028yl/universalinit-46475/src/universalinit/templates/nativescript/App_Resources/Android/src/main/res/drawable-nodpi/splash_screen.xml (ext=.xml, size=304)
2025-11-10 10:55:37,320 - Knowledge - INFO - Worker kw3 processing /app/data/T0002/46475/b6028yl/universalinit-46475/src/universalinit/templates/remix/app/routes/_index.tsx
2025-11-10 10:55:37,322 - Knowledge - INFO - Worker kw1 processing /app/data/T0002/46475/b6028yl/universalinit-46475/src/universalinit/templates/nativescript/App_Resources/Android/src/main/AndroidManifest.xml
2025-11-10 10:55:37,352 - Knowledge - INFO - Worker kw3 processing /app/data/T0002/46475/b6028yl/universalinit-46475/src/universalinit/templates/remix/app/root.tsx
2025-11-10 10:55:37,358 - Knowledge - INFO - Fast-tracked /app/data/T0002/46475/b6028yl/universalinit-46475/src/universalinit/templates/nativescript/App_Resources/Android/src/main/AndroidManifest.xml (ext=.xml, size=1533)
2025-11-10 10:55:37,364 - Knowledge - INFO - Worker kw1 processing /app/data/T0002/46475/b6028yl/universalinit-46475/src/universalinit/templates/nativescript/App_Resources/Android/app.gradle
2025-11-10 10:55:37,364 - Knowledge - INFO - Fast-tracked /app/data/T0002/46475/b6028yl/universalinit-46475/src/universalinit/templates/remix/app/root.tsx (ext=.tsx, size=991)
2025-11-10 10:55:37,366 - Knowledge - INFO - Worker kw3 processing /app/data/T0002/46475/b6028yl/universalinit-46475/src/universalinit/templates/remix/app/tailwind.css
2025-11-10 10:55:37,366 - Knowledge - INFO - Fast-tracked /app/data/T0002/46475/b6028yl/universalinit-46475/src/universalinit/templates/nativescript/App_Resources/Android/app.gradle (ext=.gradle, size=436)
2025-11-10 10:55:37,368 - Knowledge - INFO - Fast-tracked /app/data/T0002/46475/b6028yl/universalinit-46475/src/universalinit/templates/remix/app/tailwind.css (ext=.css, size=180)
2025-11-10 10:55:37,368 - Knowledge - INFO - Worker kw1 processing /app/data/T0002/46475/b6028yl/universalinit-46475/src/universalinit/templates/nativescript/App_Resources/Android/before-plugins.gradle
2025-11-10 10:55:37,372 - Knowledge - INFO - Worker kw3 processing /app/data/T0002/46475/b6028yl/universalinit-46475/src/universalinit/templates/remix/vite.config.ts
2025-11-10 10:55:37,374 - Knowledge - INFO - process ingested knowledge for /app/data/T0002/46475/b6028yl/universalinit-46475/src/universalinit/templates/svelte/README.md
2025-11-10 10:55:37,376 - Knowledge - INFO - Fast-tracked /app/data/T0002/46475/b6028yl/universalinit-46475/src/universalinit/templates/nativescript/App_Resources/Android/before-plugins.gradle (ext=.gradle, size=458)
2025-11-10 10:55:37,378 - Knowledge - INFO - Fast-tracked /app/data/T0002/46475/b6028yl/universalinit-46475/src/universalinit/templates/remix/vite.config.ts (ext=.ts, size=551)
2025-11-10 10:55:37,381 - Knowledge - INFO - process ingested knowledge for /app/data/T0002/46475/b6028yl/universalinit-46475/src/universalinit/templates/nuxt/package.json
2025-11-10 10:55:37,382 - Knowledge - INFO - Worker kw1 processing /app/data/T0002/46475/b6028yl/universalinit-46475/src/universalinit/templates/nativescript/App_Resources/iOS/Assets.xcassets/Contents.json
2025-11-10 10:55:37,383 - Knowledge - INFO - Worker kw3 processing /app/data/T0002/46475/b6028yl/universalinit-46475/src/universalinit/templates/remix/tsconfig.json
2025-11-10 10:55:37,398 - Knowledge - INFO - Fast-tracked /app/data/T0002/46475/b6028yl/universalinit-46475/src/universalinit/templates/nativescript/App_Resources/iOS/Assets.xcassets/Contents.json (ext=.json, size=62)
2025-11-10 10:55:37,399 - Knowledge - INFO - Fast-tracked /app/data/T0002/46475/b6028yl/universalinit-46475/src/universalinit/templates/remix/tsconfig.json (ext=.json, size=734)
2025-11-10 10:55:37,400 - Knowledge - INFO - Worker kw1 processing /app/data/T0002/46475/b6028yl/universalinit-46475/src/universalinit/templates/nativescript/App_Resources/iOS/Assets.xcassets/AppIcon.appiconset/Contents.json
2025-11-10 10:55:37,401 - Knowledge - INFO - process ingested knowledge for /app/data/T0002/46475/b6028yl/universalinit-46475/src/universalinit/templates/nuxt/config.yml
2025-11-10 10:55:37,401 - Knowledge - INFO - Worker kw3 processing /app/data/T0002/46475/b6028yl/universalinit-46475/src/universalinit/templates/remix/tailwind.config.ts
2025-11-10 10:55:37,404 - Knowledge - INFO - Fast-tracked /app/data/T0002/46475/b6028yl/universalinit-46475/src/universalinit/templates/nativescript/App_Resources/iOS/Assets.xcassets/AppIcon.appiconset/Contents.json (ext=.json, size=2363)
2025-11-10 10:55:37,406 - Knowledge - INFO - Fast-tracked /app/data/T0002/46475/b6028yl/universalinit-46475/src/universalinit/templates/remix/tailwind.config.ts (ext=.ts, size=467)
2025-11-10 10:55:37,407 - Knowledge - INFO - Worker kw1 processing /app/data/T0002/46475/b6028yl/universalinit-46475/src/universalinit/templates/nativescript/App_Resources/iOS/Assets.xcassets/LaunchScreen.AspectFill.imageset/Contents.json
2025-11-10 10:55:37,408 - Knowledge - INFO - Worker kw3 processing /app/data/T0002/46475/b6028yl/universalinit-46475/src/universalinit/templates/remix/README.md
2025-11-10 10:55:37,409 - Knowledge - INFO - Fast-tracked /app/data/T0002/46475/b6028yl/universalinit-46475/src/universalinit/templates/remix/README.md (ext=.md, size=801)
2025-11-10 10:55:37,409 - Knowledge - INFO - Worker kw3 processing /app/data/T0002/46475/b6028yl/universalinit-46475/src/universalinit/templates/remotion/src/HelloWorld/constants.ts
2025-11-10 10:55:37,409 - Knowledge - INFO - Fast-tracked /app/data/T0002/46475/b6028yl/universalinit-46475/src/universalinit/templates/nativescript/App_Resources/iOS/Assets.xcassets/LaunchScreen.AspectFill.imageset/Contents.json (ext=.json, size=426)
2025-11-10 10:55:37,410 - Knowledge - INFO - Worker kw1 processing /app/data/T0002/46475/b6028yl/universalinit-46475/src/universalinit/templates/nativescript/App_Resources/iOS/Assets.xcassets/LaunchScreen.Center.imageset/Contents.json
2025-11-10 10:55:37,410 - Knowledge - INFO - Fast-tracked /app/data/T0002/46475/b6028yl/universalinit-46475/src/universalinit/templates/nativescript/App_Resources/iOS/Assets.xcassets/LaunchScreen.Center.imageset/Contents.json (ext=.json, size=414)
2025-11-10 10:55:37,410 - Knowledge - INFO - Worker kw1 processing /app/data/T0002/46475/b6028yl/universalinit-46475/src/universalinit/templates/nativescript/jsconfig.json
2025-11-10 10:55:37,413 - Knowledge - INFO - Fast-tracked /app/data/T0002/46475/b6028yl/universalinit-46475/src/universalinit/templates/nativescript/jsconfig.json (ext=.json, size=147)
2025-11-10 10:55:37,413 - Knowledge - INFO - Fast-tracked /app/data/T0002/46475/b6028yl/universalinit-46475/src/universalinit/templates/remotion/src/HelloWorld/constants.ts (ext=.ts, size=158)
2025-11-10 10:55:37,414 - Knowledge - INFO - Worker kw1 processing /app/data/T0002/46475/b6028yl/universalinit-46475/src/universalinit/templates/qwik/src/global.css
2025-11-10 10:55:37,414 - Knowledge - INFO - process ingested knowledge for /app/data/T0002/46475/b6028yl/universalinit-46475/src/universalinit/templates/nuxt/tsconfig.json
2025-11-10 10:55:37,415 - Knowledge - INFO - Worker kw3 processing /app/data/T0002/46475/b6028yl/universalinit-46475/src/universalinit/templates/remotion/src/HelloWorld/Atom.tsx
2025-11-10 10:55:37,422 - Knowledge - INFO - Fast-tracked /app/data/T0002/46475/b6028yl/universalinit-46475/src/universalinit/templates/qwik/src/global.css (ext=.css, size=898)
2025-11-10 10:55:37,456 - Knowledge - INFO - Worker kw1 processing /app/data/T0002/46475/b6028yl/universalinit-46475/src/universalinit/templates/qwik/src/entry.dev.tsx
2025-11-10 10:55:37,456 - Knowledge - INFO - Fast-tracked /app/data/T0002/46475/b6028yl/universalinit-46475/src/universalinit/templates/remotion/src/HelloWorld/Atom.tsx (ext=.tsx, size=927)
2025-11-10 10:55:37,458 - Knowledge - INFO - Fast-tracked /app/data/T0002/46475/b6028yl/universalinit-46475/src/universalinit/templates/qwik/src/entry.dev.tsx (ext=.tsx, size=588)
2025-11-10 10:55:37,458 - Knowledge - INFO - Worker kw3 processing /app/data/T0002/46475/b6028yl/universalinit-46475/src/universalinit/templates/remotion/src/HelloWorld/Logo.tsx
2025-11-10 10:55:37,460 - Knowledge - INFO - Worker kw1 processing /app/data/T0002/46475/b6028yl/universalinit-46475/src/universalinit/templates/qwik/src/routes/index.tsx
2025-11-10 10:55:37,461 - Knowledge - INFO - Fast-tracked /app/data/T0002/46475/b6028yl/universalinit-46475/src/universalinit/templates/remotion/src/HelloWorld/Logo.tsx (ext=.tsx, size=1736)
2025-11-10 10:55:37,462 - Knowledge - INFO - process ingested knowledge for /app/data/T0002/46475/b6028yl/universalinit-46475/src/universalinit/templates/typescript/src/style.css
2025-11-10 10:55:37,463 - Knowledge - INFO - Worker kw3 processing /app/data/T0002/46475/b6028yl/universalinit-46475/src/universalinit/templates/remotion/src/HelloWorld/Subtitle.tsx
2025-11-10 10:55:37,464 - Knowledge - INFO - Worker kw1 processing /app/data/T0002/46475/b6028yl/universalinit-46475/src/universalinit/templates/qwik/src/routes/demo/todolist/index.tsx
2025-11-10 10:55:37,467 - Knowledge - INFO - process ingested knowledge for /app/data/T0002/46475/b6028yl/universalinit-46475/src/universalinit/templates/nuxt/README.md
2025-11-10 10:55:37,467 - Knowledge - INFO - Fast-tracked /app/data/T0002/46475/b6028yl/universalinit-46475/src/universalinit/templates/qwik/src/routes/demo/todolist/index.tsx (ext=.tsx, size=1700)
2025-11-10 10:55:37,468 - Knowledge - INFO - Fast-tracked /app/data/T0002/46475/b6028yl/universalinit-46475/src/universalinit/templates/remotion/src/HelloWorld/Subtitle.tsx (ext=.tsx, size=646)
2025-11-10 10:55:37,469 - Knowledge - INFO - Worker kw1 processing /app/data/T0002/46475/b6028yl/universalinit-46475/src/universalinit/templates/qwik/src/routes/demo/todolist/todolist.module.css
2025-11-10 10:55:37,470 - Knowledge - INFO - Worker kw3 processing /app/data/T0002/46475/b6028yl/universalinit-46475/src/universalinit/templates/remotion/src/HelloWorld/Arc.tsx
2025-11-10 10:55:37,474 - Knowledge - INFO - Fast-tracked /app/data/T0002/46475/b6028yl/universalinit-46475/src/universalinit/templates/qwik/src/routes/demo/todolist/todolist.module.css (ext=.css, size=565)
2025-11-10 10:55:37,476 - Knowledge - INFO - Worker kw1 processing /app/data/T0002/46475/b6028yl/universalinit-46475/src/universalinit/templates/qwik/src/routes/demo/flower/flower.css
2025-11-10 10:55:37,476 - Knowledge - INFO - Fast-tracked /app/data/T0002/46475/b6028yl/universalinit-46475/src/universalinit/templates/qwik/src/routes/demo/flower/flower.css (ext=.css, size=1478)
2025-11-10 10:55:37,477 - Knowledge - INFO - Worker kw1 processing /app/data/T0002/46475/b6028yl/universalinit-46475/src/universalinit/templates/qwik/src/routes/demo/flower/index.tsx
2025-11-10 10:55:37,477 - Knowledge - INFO - Fast-tracked /app/data/T0002/46475/b6028yl/universalinit-46475/src/universalinit/templates/remotion/src/HelloWorld/Arc.tsx (ext=.tsx, size=1457)
2025-11-10 10:55:37,478 - Knowledge - INFO - process ingested knowledge for /app/data/T0002/46475/b6028yl/universalinit-46475/src/universalinit/templates/typescript/src/main.ts
2025-11-10 10:55:37,480 - Knowledge - INFO - Worker kw3 processing /app/data/T0002/46475/b6028yl/universalinit-46475/src/universalinit/templates/remotion/src/HelloWorld/Title.tsx
2025-11-10 10:55:37,481 - Knowledge - INFO - Fast-tracked /app/data/T0002/46475/b6028yl/universalinit-46475/src/universalinit/templates/qwik/src/routes/demo/flower/index.tsx (ext=.tsx, size=1586)
2025-11-10 10:55:37,483 - Knowledge - INFO - Worker kw1 processing /app/data/T0002/46475/b6028yl/universalinit-46475/src/universalinit/templates/qwik/src/routes/service-worker.ts
2025-11-10 10:55:37,484 - Knowledge - INFO - Fast-tracked /app/data/T0002/46475/b6028yl/universalinit-46475/src/universalinit/templates/remotion/src/HelloWorld/Title.tsx (ext=.tsx, size=1208)
2025-11-10 10:55:37,485 - Knowledge - INFO - Fast-tracked /app/data/T0002/46475/b6028yl/universalinit-46475/src/universalinit/templates/qwik/src/routes/service-worker.ts (ext=.ts, size=631)
2025-11-10 10:55:37,486 - Knowledge - INFO - Worker kw3 processing /app/data/T0002/46475/b6028yl/universalinit-46475/src/universalinit/templates/remotion/src/Root.tsx
2025-11-10 10:55:37,487 - Knowledge - INFO - Worker kw1 processing /app/data/T0002/46475/b6028yl/universalinit-46475/src/universalinit/templates/qwik/src/routes/layout.tsx
2025-11-10 10:55:37,490 - Knowledge - INFO - Fast-tracked /app/data/T0002/46475/b6028yl/universalinit-46475/src/universalinit/templates/remotion/src/Root.tsx (ext=.tsx, size=1324)
2025-11-10 10:55:37,491 - Knowledge - INFO - Worker kw3 processing /app/data/T0002/46475/b6028yl/universalinit-46475/src/universalinit/templates/remotion/src/HelloWorld.tsx
2025-11-10 10:55:37,492 - Knowledge - INFO - Fast-tracked /app/data/T0002/46475/b6028yl/universalinit-46475/src/universalinit/templates/qwik/src/routes/layout.tsx (ext=.tsx, size=1063)
2025-11-10 10:55:37,493 - Knowledge - INFO - Worker kw1 processing /app/data/T0002/46475/b6028yl/universalinit-46475/src/universalinit/templates/qwik/src/routes/styles.css
2025-11-10 10:55:37,493 - Knowledge - INFO - Fast-tracked /app/data/T0002/46475/b6028yl/universalinit-46475/src/universalinit/templates/remotion/src/HelloWorld.tsx (ext=.tsx, size=1989)
2025-11-10 10:55:37,494 - Knowledge - INFO - Worker kw3 processing /app/data/T0002/46475/b6028yl/universalinit-46475/src/universalinit/templates/remotion/src/index.ts
2025-11-10 10:55:37,495 - Knowledge - INFO - Fast-tracked /app/data/T0002/46475/b6028yl/universalinit-46475/src/universalinit/templates/qwik/src/routes/styles.css (ext=.css, size=5892)
2025-11-10 10:55:37,496 - Knowledge - INFO - Worker kw1 processing /app/data/T0002/46475/b6028yl/universalinit-46475/src/universalinit/templates/qwik/src/components/router-head/router-head.tsx
2025-11-10 10:55:37,496 - Knowledge - INFO - Fast-tracked /app/data/T0002/46475/b6028yl/universalinit-46475/src/universalinit/templates/remotion/src/index.ts (ext=.ts, size=228)
2025-11-10 10:55:37,498 - Knowledge - INFO - Fast-tracked /app/data/T0002/46475/b6028yl/universalinit-46475/src/universalinit/templates/qwik/src/components/router-head/router-head.tsx (ext=.tsx, size=1204)
2025-11-10 10:55:37,498 - Knowledge - INFO - Worker kw3 processing /app/data/T0002/46475/b6028yl/universalinit-46475/src/universalinit/templates/remotion/package.json
2025-11-10 10:55:37,502 - Knowledge - INFO - Worker kw1 processing /app/data/T0002/46475/b6028yl/universalinit-46475/src/universalinit/templates/qwik/src/components/starter/counter/counter.tsx
2025-11-10 10:55:37,504 - Knowledge - INFO - Fast-tracked /app/data/T0002/46475/b6028yl/universalinit-46475/src/universalinit/templates/remotion/package.json (ext=.json, size=795)
2025-11-10 10:55:37,505 - Knowledge - INFO - Worker kw3 processing /app/data/T0002/46475/b6028yl/universalinit-46475/src/universalinit/templates/remotion/remotion.config.ts
2025-11-10 10:55:37,505 - Knowledge - INFO - process ingested knowledge for /app/data/T0002/46475/b6028yl/universalinit-46475/src/universalinit/templates/typescript/src/vite-env.d.ts
2025-11-10 10:55:37,505 - Knowledge - INFO - Fast-tracked /app/data/T0002/46475/b6028yl/universalinit-46475/src/universalinit/templates/remotion/remotion.config.ts (ext=.ts, size=376)
2025-11-10 10:55:37,506 - Knowledge - INFO - Fast-tracked /app/data/T0002/46475/b6028yl/universalinit-46475/src/universalinit/templates/qwik/src/components/starter/counter/counter.tsx (ext=.tsx, size=734)
2025-11-10 10:55:37,510 - Knowledge - INFO - Worker kw3 processing /app/data/T0002/46475/b6028yl/universalinit-46475/src/universalinit/templates/remotion/config.yml
2025-11-10 10:55:37,510 - Knowledge - INFO - Worker kw1 processing /app/data/T0002/46475/b6028yl/universalinit-46475/src/universalinit/templates/qwik/src/components/starter/counter/counter.module.css
2025-11-10 10:55:37,512 - Knowledge - INFO - Fast-tracked /app/data/T0002/46475/b6028yl/universalinit-46475/src/universalinit/templates/remotion/config.yml (ext=.yml, size=831)
2025-11-10 10:55:37,518 - Knowledge - INFO - Fast-tracked /app/data/T0002/46475/b6028yl/universalinit-46475/src/universalinit/templates/qwik/src/components/starter/counter/counter.module.css (ext=.css, size=203)
2025-11-10 10:55:37,519 - Knowledge - INFO - Worker kw3 processing /app/data/T0002/46475/b6028yl/universalinit-46475/src/universalinit/templates/remotion/tsconfig.json
2025-11-10 10:55:37,520 - Knowledge - INFO - Fast-tracked /app/data/T0002/46475/b6028yl/universalinit-46475/src/universalinit/templates/remotion/tsconfig.json (ext=.json, size=333)
2025-11-10 10:55:37,520 - Knowledge - INFO - Worker kw1 processing /app/data/T0002/46475/b6028yl/universalinit-46475/src/universalinit/templates/qwik/src/components/starter/icons/qwik.tsx
2025-11-10 10:55:37,521 - Knowledge - INFO - Worker kw3 processing /app/data/T0002/46475/b6028yl/universalinit-46475/src/universalinit/templates/remotion/README.md
2025-11-10 10:55:37,523 - Knowledge - INFO - Fast-tracked /app/data/T0002/46475/b6028yl/universalinit-46475/src/universalinit/templates/remotion/README.md (ext=.md, size=1120)
2025-11-10 10:55:37,553 - Knowledge - INFO - Worker kw1 processing /app/data/T0002/46475/b6028yl/universalinit-46475/src/universalinit/templates/qwik/src/components/starter/hero/hero.module.css
2025-11-10 10:55:37,556 - Knowledge - INFO - Worker kw3 processing /app/data/T0002/46475/b6028yl/universalinit-46475/src/universalinit/templates/remotion/eslint.config.mjs
2025-11-10 10:55:37,558 - Knowledge - INFO - Fast-tracked /app/data/T0002/46475/b6028yl/universalinit-46475/src/universalinit/templates/qwik/src/components/starter/hero/hero.module.css (ext=.css, size=589)
2025-11-10 10:55:37,558 - Knowledge - INFO - Fast-tracked /app/data/T0002/46475/b6028yl/universalinit-46475/src/universalinit/templates/remotion/eslint.config.mjs (ext=.mjs, size=784)
2025-11-10 10:55:37,561 - Knowledge - INFO - Worker kw1 processing /app/data/T0002/46475/b6028yl/universalinit-46475/src/universalinit/templates/qwik/src/components/starter/hero/hero.tsx
2025-11-10 10:55:37,563 - Knowledge - INFO - Worker kw3 processing /app/data/T0002/46475/b6028yl/universalinit-46475/src/universalinit/templates/django/manage.py
2025-11-10 10:55:37,563 - Knowledge - INFO - process ingested knowledge for /app/data/T0002/46475/b6028yl/universalinit-46475/src/universalinit/templates/nuxt/eslint.config.mjs
2025-11-10 10:55:37,567 - Knowledge - INFO - Fast-tracked /app/data/T0002/46475/b6028yl/universalinit-46475/src/universalinit/templates/django/manage.py (ext=.py, size=662)
2025-11-10 10:55:37,569 - Knowledge - INFO - Worker kw3 processing /app/data/T0002/46475/b6028yl/universalinit-46475/src/universalinit/templates/django/requirements.txt
2025-11-10 10:55:37,570 - Knowledge - INFO - Fast-tracked /app/data/T0002/46475/b6028yl/universalinit-46475/src/universalinit/templates/django/requirements.txt (ext=.txt, size=291)
2025-11-10 10:55:37,571 - Knowledge - INFO - Worker kw3 processing /app/data/T0002/46475/b6028yl/universalinit-46475/src/universalinit/templates/django/api/admin.py
2025-11-10 10:55:37,571 - Knowledge - INFO - Fast-tracked /app/data/T0002/46475/b6028yl/universalinit-46475/src/universalinit/templates/django/api/admin.py (ext=.py, size=63)
2025-11-10 10:55:37,571 - Knowledge - INFO - Worker kw3 processing /app/data/T0002/46475/b6028yl/universalinit-46475/src/universalinit/templates/django/api/tests.py
2025-11-10 10:55:37,574 - Knowledge - INFO - Fast-tracked /app/data/T0002/46475/b6028yl/universalinit-46475/src/universalinit/templates/django/api/tests.py (ext=.py, size=360)
2025-11-10 10:55:37,576 - Knowledge - INFO - process ingested knowledge for /app/data/T0002/46475/b6028yl/universalinit-46475/src/universalinit/templates/typescript/src/counter.ts
2025-11-10 10:55:37,580 - Knowledge - INFO - process ingested knowledge for /app/data/T0002/46475/b6028yl/universalinit-46475/src/universalinit/templates/nuxt/server/tsconfig.json
2025-11-10 10:55:37,595 - Knowledge - INFO - process ingested knowledge for /app/data/T0002/46475/b6028yl/universalinit-46475/src/universalinit/templates/react/src/App.css
2025-11-10 10:55:37,606 - Knowledge - INFO - process ingested knowledge for /app/data/T0002/46475/b6028yl/universalinit-46475/src/universalinit/templates/react/src/App.js
2025-11-10 10:55:37,651 - Knowledge - INFO - process ingested knowledge for /app/data/T0002/46475/b6028yl/universalinit-46475/src/universalinit/templates/typescript/package.json
2025-11-10 10:55:37,668 - Knowledge - INFO - process ingested knowledge for /app/data/T0002/46475/b6028yl/universalinit-46475/src/universalinit/templates/react/src/index.js
2025-11-10 10:55:37,684 - Knowledge - INFO - process ingested knowledge for /app/data/T0002/46475/b6028yl/universalinit-46475/src/universalinit/templates/typescript/config.yml
2025-11-10 10:55:37,702 - Knowledge - INFO - process ingested knowledge for /app/data/T0002/46475/b6028yl/universalinit-46475/src/universalinit/templates/react/src/setupTests.js
2025-11-10 10:55:37,720 - Knowledge - INFO - process ingested knowledge for /app/data/T0002/46475/b6028yl/universalinit-46475/src/universalinit/templates/typescript/tsconfig.json
2025-11-10 10:55:37,785 - Knowledge - INFO - process ingested knowledge for /app/data/T0002/46475/b6028yl/universalinit-46475/src/universalinit/templates/react/src/index.css
2025-11-10 10:55:37,818 - Knowledge - INFO - process ingested knowledge for /app/data/T0002/46475/b6028yl/universalinit-46475/src/universalinit/templates/react/package.json
2025-11-10 10:55:37,819 - Knowledge - INFO - process ingested knowledge for /app/data/T0002/46475/b6028yl/universalinit-46475/src/universalinit/templates/typescript/eslint.config.mjs
2025-11-10 10:55:37,884 - Knowledge - INFO - process ingested knowledge for /app/data/T0002/46475/b6028yl/universalinit-46475/src/universalinit/templates/react/config.yml
2025-11-10 10:55:37,890 - Knowledge - INFO - process ingested knowledge for /app/data/T0002/46475/b6028yl/universalinit-46475/src/universalinit/templates/typescript/index.html
2025-11-10 10:55:37,891 - Knowledge - INFO - process ingested knowledge for /app/data/T0002/46475/b6028yl/universalinit-46475/src/universalinit/templates/react/README.md
2025-11-10 10:55:37,911 - Knowledge - INFO - process ingested knowledge for /app/data/T0002/46475/b6028yl/universalinit-46475/src/universalinit/templates/slidev/pages/imported-slides.md
2025-11-10 10:55:37,916 - Knowledge - INFO - process ingested knowledge for /app/data/T0002/46475/b6028yl/universalinit-46475/src/universalinit/templates/react/eslint.config.mjs
2025-11-10 10:55:37,922 - Knowledge - INFO - process ingested knowledge for /app/data/T0002/46475/b6028yl/universalinit-46475/src/universalinit/templates/slidev/package.json
2025-11-10 10:55:37,924 - Knowledge - INFO - process ingested knowledge for /app/data/T0002/46475/b6028yl/universalinit-46475/src/universalinit/templates/react/public/index.html
2025-11-10 10:55:37,954 - Knowledge - INFO - process ingested knowledge for /app/data/T0002/46475/b6028yl/universalinit-46475/src/universalinit/templates/slidev/config.yml
2025-11-10 10:55:37,961 - Knowledge - INFO - process ingested knowledge for /app/data/T0002/46475/b6028yl/universalinit-46475/src/universalinit/templates/slidev/snippets/external.ts
2025-11-10 10:55:37,978 - Knowledge - INFO - process ingested knowledge for /app/data/T0002/46475/b6028yl/universalinit-46475/src/universalinit/templates/react/public/robots.txt
2025-11-10 10:55:37,988 - Knowledge - INFO - process ingested knowledge for /app/data/T0002/46475/b6028yl/universalinit-46475/src/universalinit/templates/slidev/vercel.json
2025-11-10 10:55:37,997 - Knowledge - INFO - process ingested knowledge for /app/data/T0002/46475/b6028yl/universalinit-46475/src/universalinit/templates/slidev/netlify.toml
2025-11-10 10:55:38,004 - Knowledge - INFO - process ingested knowledge for /app/data/T0002/46475/b6028yl/universalinit-46475/src/universalinit/templates/react/public/manifest.json
2025-11-10 10:55:38,005 - Knowledge - INFO - process ingested knowledge for /app/data/T0002/46475/b6028yl/universalinit-46475/src/universalinit/templates/slidev/README.md
2025-11-10 10:55:38,009 - Knowledge - INFO - process ingested knowledge for /app/data/T0002/46475/b6028yl/universalinit-46475/src/universalinit/templates/slidev/slides.md
2025-11-10 10:55:44,152 - Knowledge - INFO - [LLM_CALL] Completed: page.tsx:chunk1, Duration: 7143ms, PromptTokens: 2628, CompletionTokens: 181, Cost: $0.00000
2025-11-10 10:55:44,186 - Knowledge - INFO - done ingest for /app/data/T0002/46475/b6028yl/universalinit-46475/src/universalinit/templates/nextjs/src/app/page.tsx
2025-11-10 10:55:44,237 - Knowledge - INFO - [LLM_CALL] Completed: settings.py:chunk1, Duration: 7820ms, PromptTokens: 4916, CompletionTokens: 474, Cost: $0.00000
2025-11-10 10:55:44,253 - Knowledge - INFO - done ingest for /app/data/T0002/46475/b6028yl/universalinit-46475/src/universalinit/templates/django/config/settings.py
2025-11-10 10:55:44,908 - Knowledge - INFO - [LLM_CALL] Completed: app.component.html:chunk1, Duration: 7856ms, PromptTokens: 25116, CompletionTokens: 533, Cost: $0.00000
2025-11-10 10:55:44,908 - Knowledge - INFO - done ingest for /app/data/T0002/46475/b6028yl/universalinit-46475/src/universalinit/templates/angular/src/app/app.component.html
2025-11-10 10:55:45,488 - Knowledge - INFO - [LLM_CALL] Completed: Home.ts:chunk1, Duration: 7830ms, PromptTokens: 27506, CompletionTokens: 800, Cost: $0.00000
2025-11-10 10:55:45,488 - Knowledge - INFO - done ingest for /app/data/T0002/46475/b6028yl/universalinit-46475/src/universalinit/templates/lightningjs/src/pages/Home.ts
2025-11-10 10:55:46,736 - Knowledge - INFO - [LLM_CALL] Completed: vite.config.ts:chunk1, Duration: 9748ms, PromptTokens: 30162, CompletionTokens: 1079, Cost: $0.00000
2025-11-10 10:55:46,737 - Knowledge - INFO - done ingest for /app/data/T0002/46475/b6028yl/universalinit-46475/src/universalinit/templates/qwik/vite.config.ts
2025-11-10 10:55:47,732 - Knowledge - INFO - [LLM_CALL] Completed: next-steps.tsx:chunk1, Duration: 10819ms, PromptTokens: 32580, CompletionTokens: 1309, Cost: $0.00000
2025-11-10 10:55:47,752 - Knowledge - INFO - done ingest for /app/data/T0002/46475/b6028yl/universalinit-46475/src/universalinit/templates/qwik/src/components/starter/next-steps/next-steps.tsx
2025-11-10 10:55:48,720 - Knowledge - INFO - [LLM_CALL] Completed: index.tsx:chunk1, Duration: 11038ms, PromptTokens: 34816, CompletionTokens: 1568, Cost: $0.00000
2025-11-10 10:55:48,721 - Knowledge - INFO - done ingest for /app/data/T0002/46475/b6028yl/universalinit-46475/src/universalinit/templates/qwik/src/routes/index.tsx
2025-11-10 10:55:48,760 - Knowledge - INFO - [LLM_CALL] Completed: _index.tsx:chunk1, Duration: 11051ms, PromptTokens: 40488, CompletionTokens: 1759, Cost: $0.00000
2025-11-10 10:55:48,770 - Knowledge - INFO - done ingest for /app/data/T0002/46475/b6028yl/universalinit-46475/src/universalinit/templates/remix/app/routes/_index.tsx
2025-11-10 10:55:49,826 - Knowledge - INFO - [LLM_CALL] Completed: init_script.sh:chunk1, Duration: 12218ms, PromptTokens: 47886, CompletionTokens: 2052, Cost: $0.00000
2025-11-10 10:55:49,836 - Knowledge - INFO - done ingest for /app/data/T0002/46475/b6028yl/universalinit-46475/src/universalinit/templates/android/init_script.sh
2025-11-10 10:55:50,204 - Knowledge - INFO - [LLM_CALL] Completed: hero.tsx:chunk1, Duration: 12415ms, PromptTokens: 49778, CompletionTokens: 2320, Cost: $0.00000
2025-11-10 10:55:50,207 - Knowledge - INFO - done ingest for /app/data/T0002/46475/b6028yl/universalinit-46475/src/universalinit/templates/qwik/src/components/starter/hero/hero.tsx
2025-11-10 10:55:50,783 - Knowledge - INFO - [LLM_CALL] Completed: entry.server.tsx:chunk1, Duration: 13097ms, PromptTokens: 52442, CompletionTokens: 2652, Cost: $0.00000
2025-11-10 10:55:50,789 - Knowledge - INFO - done ingest for /app/data/T0002/46475/b6028yl/universalinit-46475/src/universalinit/templates/remix/app/entry.server.tsx
2025-11-10 10:55:51,698 - Knowledge - INFO - [LLM_CALL] Completed: qwik.tsx:chunk1, Duration: 13993ms, PromptTokens: 56652, CompletionTokens: 2829, Cost: $0.00000
2025-11-10 10:55:51,715 - Knowledge - INFO - done ingest for /app/data/T0002/46475/b6028yl/universalinit-46475/src/universalinit/templates/qwik/src/components/starter/icons/qwik.tsx
2025-11-10 10:55:51,952 - Knowledge - INFO - [LLM_CALL] Completed: MainActivity.kt:chunk1, Duration: 14368ms, PromptTokens: 58316, CompletionTokens: 3291, Cost: $0.00000
2025-11-10 10:55:51,960 - Knowledge - INFO - done ingest for /app/data/T0002/46475/b6028yl/universalinit-46475/src/universalinit/templates/kotlin/app/src/main/java/com/example/kotlin/MainActivity.kt
2025-11-10 10:55:54,459 - Knowledge - INFO - [LLM_CALL] Completed: universalinit.py:chunk1, Duration: 16883ms, PromptTokens: 71372, CompletionTokens: 4101, Cost: $0.00000
2025-11-10 10:55:54,461 - Knowledge - INFO - done ingest for /app/data/T0002/46475/b6028yl/universalinit-46475/src/universalinit/universalinit.py
2025-11-10 10:55:54,834 - Knowledge - INFO - [LLM_CALL] Completed: templateconfig.py:chunk1, Duration: 17234ms, PromptTokens: 74690, CompletionTokens: 4724, Cost: $0.00000
2025-11-10 10:55:54,836 - Knowledge - INFO - done ingest for /app/data/T0002/46475/b6028yl/universalinit-46475/src/universalinit/templateconfig.py
2025-11-10 10:55:55,033 - Knowledge - INFO - [LLM_CALL] Completed: cli.py:chunk1, Duration: 17412ms, PromptTokens: 79220, CompletionTokens: 5316, Cost: $0.00000
2025-11-10 10:55:55,033 - Knowledge - INFO - done ingest for /app/data/T0002/46475/b6028yl/universalinit-46475/src/universalinit/cli.py
2025-11-10 10:55:55,609 - Knowledge - INFO - [WEBSOCKET] Sent: Type=progress_update, Size: 291, Duration: 0ms
2025-11-10 10:55:55,610 - Knowledge - INFO - [WEBSOCKET] Sent: Type=unknown, Size: ?, Duration: 1ms
2025-11-10 10:55:55,610 - Knowledge - INFO - Progress: 26.0% | Files: 81/312 | Rate: 3.23 files/sec | Queue: 0
2025-11-10 10:55:55,876 - Knowledge - INFO - Processing batch of 20 files
2025-11-10 10:55:55,877 - Knowledge - INFO - process ingested knowledge for /app/data/T0002/46475/b6028yl/universalinit-46475/src/universalinit/templates/django/api/views.py
2025-11-10 10:55:55,888 - Knowledge - INFO - process ingested knowledge for /app/data/T0002/46475/b6028yl/universalinit-46475/src/universalinit/templates/django/api/urls.py
2025-11-10 10:55:55,891 - Knowledge - INFO - process ingested knowledge for /app/data/T0002/46475/b6028yl/universalinit-46475/src/universalinit/templates/django/api/models.py
2025-11-10 10:55:55,892 - Knowledge - INFO - process ingested knowledge for /app/data/T0002/46475/b6028yl/universalinit-46475/src/universalinit/templates/django/api/apps.py
2025-11-10 10:55:55,896 - Knowledge - INFO - process ingested knowledge for /app/data/T0002/46475/b6028yl/universalinit-46475/src/universalinit/templates/django/config.yml
2025-11-10 10:55:55,961 - Knowledge - INFO - process ingested knowledge for /app/data/T0002/46475/b6028yl/universalinit-46475/src/universalinit/templates/django/config/settings.py
2025-11-10 10:55:55,964 - Knowledge - INFO - process ingested knowledge for /app/data/T0002/46475/b6028yl/universalinit-46475/src/universalinit/templates/django/config/wsgi.py
2025-11-10 10:55:55,968 - Knowledge - INFO - process ingested knowledge for /app/data/T0002/46475/b6028yl/universalinit-46475/src/universalinit/templates/django/config/urls.py
2025-11-10 10:55:55,972 - Knowledge - INFO - process ingested knowledge for /app/data/T0002/46475/b6028yl/universalinit-46475/src/universalinit/templates/django/config/asgi.py
2025-11-10 10:55:55,974 - Knowledge - INFO - process ingested knowledge for /app/data/T0002/46475/b6028yl/universalinit-46475/src/universalinit/templates/svelte/src/app.d.ts
2025-11-10 10:55:55,978 - Knowledge - INFO - process ingested knowledge for /app/data/T0002/46475/b6028yl/universalinit-46475/src/universalinit/templates/svelte/src/hooks.server.js
2025-11-10 10:55:55,980 - Knowledge - INFO - process ingested knowledge for /app/data/T0002/46475/b6028yl/universalinit-46475/src/universalinit/templates/svelte/src/app.html
2025-11-10 10:55:55,985 - Knowledge - INFO - process ingested knowledge for /app/data/T0002/46475/b6028yl/universalinit-46475/src/universalinit/templates/svelte/src/routes/page.svelte.test.ts
2025-11-10 10:55:55,987 - Knowledge - INFO - process ingested knowledge for /app/data/T0002/46475/b6028yl/universalinit-46475/src/universalinit/templates/svelte/src/demo.spec.ts
2025-11-10 10:55:55,992 - Knowledge - INFO - process ingested knowledge for /app/data/T0002/46475/b6028yl/universalinit-46475/src/universalinit/templates/svelte/src/lib/index.ts
2025-11-10 10:55:55,995 - Knowledge - INFO - process ingested knowledge for /app/data/T0002/46475/b6028yl/universalinit-46475/src/universalinit/templates/svelte/package.json
2025-11-10 10:55:55,997 - Knowledge - INFO - process ingested knowledge for /app/data/T0002/46475/b6028yl/universalinit-46475/src/universalinit/templates/svelte/svelte.config.js
2025-11-10 10:55:56,000 - Knowledge - INFO - process ingested knowledge for /app/data/T0002/46475/b6028yl/universalinit-46475/src/universalinit/templates/svelte/config.yml
2025-11-10 10:55:56,004 - Knowledge - INFO - process ingested knowledge for /app/data/T0002/46475/b6028yl/universalinit-46475/src/universalinit/templates/svelte/eslint.config.js
2025-11-10 10:55:56,006 - Knowledge - INFO - process ingested knowledge for /app/data/T0002/46475/b6028yl/universalinit-46475/src/universalinit/templates/svelte/vitest-setup-client.ts
2025-11-10 10:55:56,572 - Knowledge - INFO - Processing batch of 50 files
2025-11-10 10:55:56,572 - Knowledge - INFO - process ingested knowledge for /app/data/T0002/46475/b6028yl/universalinit-46475/src/universalinit/templates/qwik/src/components/starter/gauge/gauge.module.css
2025-11-10 10:55:56,659 - Knowledge - INFO - process ingested knowledge for /app/data/T0002/46475/b6028yl/universalinit-46475/src/universalinit/templates/qwik/src/components/starter/gauge/index.tsx
2025-11-10 10:55:56,661 - Knowledge - INFO - process ingested knowledge for /app/data/T0002/46475/b6028yl/universalinit-46475/src/universalinit/templates/qwik/src/components/starter/header/header.module.css
2025-11-10 10:55:56,666 - Knowledge - INFO - process ingested knowledge for /app/data/T0002/46475/b6028yl/universalinit-46475/src/universalinit/templates/qwik/src/components/starter/header/header.tsx
2025-11-10 10:55:56,670 - Knowledge - INFO - process ingested knowledge for /app/data/T0002/46475/b6028yl/universalinit-46475/src/universalinit/templates/qwik/src/components/starter/infobox/infobox.module.css
2025-11-10 10:55:56,675 - Knowledge - INFO - process ingested knowledge for /app/data/T0002/46475/b6028yl/universalinit-46475/src/universalinit/templates/qwik/src/components/starter/infobox/infobox.tsx
2025-11-10 10:55:56,677 - Knowledge - INFO - process ingested knowledge for /app/data/T0002/46475/b6028yl/universalinit-46475/src/universalinit/templates/qwik/src/components/starter/next-steps/next-steps.tsx
2025-11-10 10:55:56,680 - Knowledge - INFO - process ingested knowledge for /app/data/T0002/46475/b6028yl/universalinit-46475/src/universalinit/templates/qwik/src/components/starter/next-steps/next-steps.module.css
2025-11-10 10:55:56,682 - Knowledge - INFO - process ingested knowledge for /app/data/T0002/46475/b6028yl/universalinit-46475/src/universalinit/templates/qwik/src/components/starter/footer/footer.tsx
2025-11-10 10:55:56,683 - Knowledge - INFO - process ingested knowledge for /app/data/T0002/46475/b6028yl/universalinit-46475/src/universalinit/templates/qwik/src/components/starter/footer/footer.module.css
2025-11-10 10:55:56,763 - Knowledge - INFO - process ingested knowledge for /app/data/T0002/46475/b6028yl/universalinit-46475/src/universalinit/templates/qwik/src/root.tsx
2025-11-10 10:55:56,766 - Knowledge - INFO - process ingested knowledge for /app/data/T0002/46475/b6028yl/universalinit-46475/src/universalinit/templates/qwik/src/entry.ssr.tsx
2025-11-10 10:55:56,773 - Knowledge - INFO - process ingested knowledge for /app/data/T0002/46475/b6028yl/universalinit-46475/src/universalinit/templates/qwik/src/entry.preview.tsx
2025-11-10 10:55:56,779 - Knowledge - INFO - process ingested knowledge for /app/data/T0002/46475/b6028yl/universalinit-46475/src/universalinit/templates/qwik/package.json
2025-11-10 10:55:56,782 - Knowledge - INFO - process ingested knowledge for /app/data/T0002/46475/b6028yl/universalinit-46475/src/universalinit/templates/qwik/qwik.env.d.ts
2025-11-10 10:55:56,784 - Knowledge - INFO - process ingested knowledge for /app/data/T0002/46475/b6028yl/universalinit-46475/src/universalinit/templates/qwik/config.yml
2025-11-10 10:55:56,788 - Knowledge - INFO - process ingested knowledge for /app/data/T0002/46475/b6028yl/universalinit-46475/src/universalinit/templates/qwik/vite.config.ts
2025-11-10 10:55:56,868 - Knowledge - INFO - process ingested knowledge for /app/data/T0002/46475/b6028yl/universalinit-46475/src/universalinit/templates/qwik/tsconfig.json
2025-11-10 10:55:56,876 - Knowledge - INFO - process ingested knowledge for /app/data/T0002/46475/b6028yl/universalinit-46475/src/universalinit/templates/qwik/README.md
2025-11-10 10:55:56,879 - Knowledge - INFO - process ingested knowledge for /app/data/T0002/46475/b6028yl/universalinit-46475/src/universalinit/templates/qwik/public/manifest.json
2025-11-10 10:55:56,884 - Knowledge - INFO - process ingested knowledge for /app/data/T0002/46475/b6028yl/universalinit-46475/src/universalinit/templates/nextjs/src/app/page.tsx
2025-11-10 10:55:56,891 - Knowledge - INFO - process ingested knowledge for /app/data/T0002/46475/b6028yl/universalinit-46475/src/universalinit/templates/nextjs/src/app/globals.css
2025-11-10 10:55:56,899 - Knowledge - INFO - process ingested knowledge for /app/data/T0002/46475/b6028yl/universalinit-46475/src/universalinit/templates/nextjs/src/app/layout.tsx
2025-11-10 10:55:56,902 - Knowledge - INFO - process ingested knowledge for /app/data/T0002/46475/b6028yl/universalinit-46475/src/universalinit/templates/nextjs/next.config.ts
2025-11-10 10:55:56,981 - Knowledge - INFO - process ingested knowledge for /app/data/T0002/46475/b6028yl/universalinit-46475/src/universalinit/templates/nextjs/package.json
2025-11-10 10:55:56,983 - Knowledge - INFO - process ingested knowledge for /app/data/T0002/46475/b6028yl/universalinit-46475/src/universalinit/templates/nextjs/config.yml
2025-11-10 10:55:56,989 - Knowledge - INFO - process ingested knowledge for /app/data/T0002/46475/b6028yl/universalinit-46475/src/universalinit/templates/nextjs/tsconfig.json
2025-11-10 10:55:56,992 - Knowledge - INFO - process ingested knowledge for /app/data/T0002/46475/b6028yl/universalinit-46475/src/universalinit/templates/nextjs/README.md
2025-11-10 10:55:56,994 - Knowledge - INFO - process ingested knowledge for /app/data/T0002/46475/b6028yl/universalinit-46475/src/universalinit/templates/nextjs/eslint.config.mjs
2025-11-10 10:55:56,999 - Knowledge - INFO - process ingested knowledge for /app/data/T0002/46475/b6028yl/universalinit-46475/src/universalinit/templates/nextjs/postcss.config.mjs
2025-11-10 10:55:57,004 - Knowledge - INFO - process ingested knowledge for /app/data/T0002/46475/b6028yl/universalinit-46475/src/universalinit/templates/angular/src/server.ts
2025-11-10 10:55:57,006 - Knowledge - INFO - process ingested knowledge for /app/data/T0002/46475/b6028yl/universalinit-46475/src/universalinit/templates/angular/src/main.ts
2025-11-10 10:55:57,094 - Knowledge - INFO - process ingested knowledge for /app/data/T0002/46475/b6028yl/universalinit-46475/src/universalinit/templates/angular/src/app/app.component.spec.ts
2025-11-10 10:55:57,100 - Knowledge - INFO - process ingested knowledge for /app/data/T0002/46475/b6028yl/universalinit-46475/src/universalinit/templates/angular/src/app/app.config.ts
2025-11-10 10:55:57,110 - Knowledge - INFO - process ingested knowledge for /app/data/T0002/46475/b6028yl/universalinit-46475/src/universalinit/templates/angular/src/app/app.routes.ts
2025-11-10 10:55:57,114 - Knowledge - INFO - process ingested knowledge for /app/data/T0002/46475/b6028yl/universalinit-46475/src/universalinit/templates/angular/src/app/app.component.html
2025-11-10 10:55:57,118 - Knowledge - INFO - process ingested knowledge for /app/data/T0002/46475/b6028yl/universalinit-46475/src/universalinit/templates/angular/src/app/app.component.ts
2025-11-10 10:55:57,126 - Knowledge - INFO - process ingested knowledge for /app/data/T0002/46475/b6028yl/universalinit-46475/src/universalinit/templates/angular/src/app/app.config.server.ts
2025-11-10 10:55:57,206 - Knowledge - INFO - process ingested knowledge for /app/data/T0002/46475/b6028yl/universalinit-46475/src/universalinit/templates/angular/src/styles.css
2025-11-10 10:55:57,212 - Knowledge - INFO - process ingested knowledge for /app/data/T0002/46475/b6028yl/universalinit-46475/src/universalinit/templates/angular/src/index.html
2025-11-10 10:55:57,218 - Knowledge - INFO - process ingested knowledge for /app/data/T0002/46475/b6028yl/universalinit-46475/src/universalinit/templates/angular/src/main.server.ts
2025-11-10 10:55:57,223 - Knowledge - INFO - process ingested knowledge for /app/data/T0002/46475/b6028yl/universalinit-46475/src/universalinit/templates/angular/tsconfig.app.json
2025-11-10 10:55:57,234 - Knowledge - INFO - process ingested knowledge for /app/data/T0002/46475/b6028yl/universalinit-46475/src/universalinit/templates/angular/package.json
2025-11-10 10:55:57,237 - Knowledge - INFO - process ingested knowledge for /app/data/T0002/46475/b6028yl/universalinit-46475/src/universalinit/templates/angular/angular.json
2025-11-10 10:55:57,333 - Knowledge - INFO - process ingested knowledge for /app/data/T0002/46475/b6028yl/universalinit-46475/src/universalinit/templates/angular/config.yml
2025-11-10 10:55:57,342 - Knowledge - INFO - process ingested knowledge for /app/data/T0002/46475/b6028yl/universalinit-46475/src/universalinit/templates/angular/tsconfig.spec.json
2025-11-10 10:55:57,346 - Knowledge - INFO - process ingested knowledge for /app/data/T0002/46475/b6028yl/universalinit-46475/src/universalinit/templates/angular/tsconfig.json
2025-11-10 10:55:57,350 - Knowledge - INFO - process ingested knowledge for /app/data/T0002/46475/b6028yl/universalinit-46475/src/universalinit/templates/angular/README.md
2025-11-10 10:55:57,353 - Knowledge - INFO - process ingested knowledge for /app/data/T0002/46475/b6028yl/universalinit-46475/src/universalinit/templates/angular/eslint.config.mjs
2025-11-10 10:55:57,356 - Knowledge - INFO - process ingested knowledge for /app/data/T0002/46475/b6028yl/universalinit-46475/src/universalinit/templates/express/src/services/health.js
2025-11-10 10:55:58,433 - Knowledge - INFO - Processing batch of 100 files
2025-11-10 10:55:58,434 - Knowledge - INFO - process ingested knowledge for /app/data/T0002/46475/b6028yl/universalinit-46475/src/universalinit/templates/express/src/app.js
2025-11-10 10:55:58,628 - Knowledge - INFO - process ingested knowledge for /app/data/T0002/46475/b6028yl/universalinit-46475/src/universalinit/templates/express/src/routes/index.js
2025-11-10 10:55:58,635 - Knowledge - INFO - process ingested knowledge for /app/data/T0002/46475/b6028yl/universalinit-46475/src/universalinit/templates/express/src/server.js
2025-11-10 10:55:58,654 - Knowledge - INFO - process ingested knowledge for /app/data/T0002/46475/b6028yl/universalinit-46475/src/universalinit/templates/express/src/middleware/index.js
2025-11-10 10:55:58,656 - Knowledge - INFO - process ingested knowledge for /app/data/T0002/46475/b6028yl/universalinit-46475/src/universalinit/templates/express/src/controllers/health.js
2025-11-10 10:55:58,661 - Knowledge - INFO - process ingested knowledge for /app/data/T0002/46475/b6028yl/universalinit-46475/src/universalinit/templates/express/package.json
2025-11-10 10:55:58,666 - Knowledge - INFO - process ingested knowledge for /app/data/T0002/46475/b6028yl/universalinit-46475/src/universalinit/templates/express/config.yml
2025-11-10 10:55:58,753 - Knowledge - INFO - process ingested knowledge for /app/data/T0002/46475/b6028yl/universalinit-46475/src/universalinit/templates/express/eslint.config.js
2025-11-10 10:55:58,755 - Knowledge - INFO - process ingested knowledge for /app/data/T0002/46475/b6028yl/universalinit-46475/src/universalinit/templates/express/swagger.js
2025-11-10 10:55:58,758 - Knowledge - INFO - process ingested knowledge for /app/data/T0002/46475/b6028yl/universalinit-46475/src/universalinit/templates/flutter/test/widget_test.dart
2025-11-10 10:55:58,763 - Knowledge - INFO - process ingested knowledge for /app/data/T0002/46475/b6028yl/universalinit-46475/src/universalinit/templates/flutter/config.yml
2025-11-10 10:55:58,765 - Knowledge - INFO - process ingested knowledge for /app/data/T0002/46475/b6028yl/universalinit-46475/src/universalinit/templates/flutter/lib/main.dart
2025-11-10 10:55:58,769 - Knowledge - INFO - process ingested knowledge for /app/data/T0002/46475/b6028yl/universalinit-46475/src/universalinit/templates/flask/run.py
2025-11-10 10:55:58,773 - Knowledge - INFO - process ingested knowledge for /app/data/T0002/46475/b6028yl/universalinit-46475/src/universalinit/templates/flask/requirements.txt
2025-11-10 10:55:58,781 - Knowledge - INFO - process ingested knowledge for /app/data/T0002/46475/b6028yl/universalinit-46475/src/universalinit/templates/flask/config.yml
2025-11-10 10:55:58,877 - Knowledge - INFO - process ingested knowledge for /app/data/T0002/46475/b6028yl/universalinit-46475/src/universalinit/templates/flask/app/routes/health.py
2025-11-10 10:55:58,888 - Knowledge - INFO - process ingested knowledge for /app/data/T0002/46475/b6028yl/universalinit-46475/src/universalinit/templates/flask/app/__init__.py
2025-11-10 10:55:58,894 - Knowledge - INFO - process ingested knowledge for /app/data/T0002/46475/b6028yl/universalinit-46475/src/universalinit/templates/kotlin/config.yml
2025-11-10 10:55:58,900 - Knowledge - INFO - process ingested knowledge for /app/data/T0002/46475/b6028yl/universalinit-46475/src/universalinit/templates/kotlin/settings.gradle.kts
2025-11-10 10:55:58,904 - Knowledge - INFO - process ingested knowledge for /app/data/T0002/46475/b6028yl/universalinit-46475/src/universalinit/templates/kotlin/app/src/test/java/com/example/kotlin/ExampleUnitTest.kt
2025-11-10 10:55:58,991 - Knowledge - INFO - process ingested knowledge for /app/data/T0002/46475/b6028yl/universalinit-46475/src/universalinit/templates/kotlin/app/src/androidTest/java/com/example/kotlin/ExampleInstrumentedTest.kt
2025-11-10 10:55:59,002 - Knowledge - INFO - process ingested knowledge for /app/data/T0002/46475/b6028yl/universalinit-46475/src/universalinit/templates/kotlin/app/src/main/java/com/example/kotlin/FirstFragment.kt
2025-11-10 10:55:59,006 - Knowledge - INFO - process ingested knowledge for /app/data/T0002/46475/b6028yl/universalinit-46475/src/universalinit/templates/kotlin/app/src/main/java/com/example/kotlin/SecondFragment.kt
2025-11-10 10:55:59,017 - Knowledge - INFO - process ingested knowledge for /app/data/T0002/46475/b6028yl/universalinit-46475/src/universalinit/templates/kotlin/app/src/main/java/com/example/kotlin/MainActivity.kt
2025-11-10 10:55:59,020 - Knowledge - INFO - process ingested knowledge for /app/data/T0002/46475/b6028yl/universalinit-46475/src/universalinit/templates/kotlin/app/src/main/res/values/colors.xml
2025-11-10 10:55:59,022 - Knowledge - INFO - process ingested knowledge for /app/data/T0002/46475/b6028yl/universalinit-46475/src/universalinit/templates/kotlin/app/src/main/res/values/strings.xml
2025-11-10 10:55:59,113 - Knowledge - INFO - process ingested knowledge for /app/data/T0002/46475/b6028yl/universalinit-46475/src/universalinit/templates/kotlin/app/src/main/res/values/themes.xml
2025-11-10 10:55:59,116 - Knowledge - INFO - process ingested knowledge for /app/data/T0002/46475/b6028yl/universalinit-46475/src/universalinit/templates/kotlin/app/src/main/res/values/dimens.xml
2025-11-10 10:55:59,118 - Knowledge - INFO - process ingested knowledge for /app/data/T0002/46475/b6028yl/universalinit-46475/src/universalinit/templates/kotlin/app/src/main/res/navigation/nav_graph.xml
2025-11-10 10:55:59,123 - Knowledge - INFO - process ingested knowledge for /app/data/T0002/46475/b6028yl/universalinit-46475/src/universalinit/templates/kotlin/app/src/main/res/values-v23/themes.xml
2025-11-10 10:55:59,129 - Knowledge - INFO - process ingested knowledge for /app/data/T0002/46475/b6028yl/universalinit-46475/src/universalinit/templates/kotlin/app/src/main/res/values-land/dimens.xml
2025-11-10 10:55:59,132 - Knowledge - INFO - process ingested knowledge for /app/data/T0002/46475/b6028yl/universalinit-46475/src/universalinit/templates/kotlin/app/src/main/res/drawable/ic_launcher_foreground.xml
2025-11-10 10:55:59,134 - Knowledge - INFO - process ingested knowledge for /app/data/T0002/46475/b6028yl/universalinit-46475/src/universalinit/templates/kotlin/app/src/main/res/drawable/ic_launcher_background.xml
2025-11-10 10:55:59,213 - Knowledge - INFO - process ingested knowledge for /app/data/T0002/46475/b6028yl/universalinit-46475/src/universalinit/templates/kotlin/app/src/main/res/values-w600dp/dimens.xml
2025-11-10 10:55:59,218 - Knowledge - INFO - process ingested knowledge for /app/data/T0002/46475/b6028yl/universalinit-46475/src/universalinit/templates/kotlin/app/src/main/res/layout/activity_main.xml
2025-11-10 10:55:59,220 - Knowledge - INFO - process ingested knowledge for /app/data/T0002/46475/b6028yl/universalinit-46475/src/universalinit/templates/kotlin/app/src/main/res/layout/fragment_first.xml
2025-11-10 10:55:59,225 - Knowledge - INFO - process ingested knowledge for /app/data/T0002/46475/b6028yl/universalinit-46475/src/universalinit/templates/kotlin/app/src/main/res/layout/content_main.xml
2025-11-10 10:55:59,228 - Knowledge - INFO - process ingested knowledge for /app/data/T0002/46475/b6028yl/universalinit-46475/src/universalinit/templates/kotlin/app/src/main/res/layout/fragment_second.xml
2025-11-10 10:55:59,233 - Knowledge - INFO - process ingested knowledge for /app/data/T0002/46475/b6028yl/universalinit-46475/src/universalinit/templates/kotlin/app/src/main/res/xml/data_extraction_rules.xml
2025-11-10 10:55:59,237 - Knowledge - INFO - process ingested knowledge for /app/data/T0002/46475/b6028yl/universalinit-46475/src/universalinit/templates/kotlin/app/src/main/res/xml/backup_rules.xml
2025-11-10 10:55:59,243 - Knowledge - INFO - process ingested knowledge for /app/data/T0002/46475/b6028yl/universalinit-46475/src/universalinit/templates/kotlin/app/src/main/res/mipmap-anydpi-v26/ic_launcher.xml
2025-11-10 10:55:59,247 - Knowledge - INFO - process ingested knowledge for /app/data/T0002/46475/b6028yl/universalinit-46475/src/universalinit/templates/kotlin/app/src/main/res/mipmap-anydpi-v26/ic_launcher_round.xml
2025-11-10 10:55:59,256 - Knowledge - INFO - process ingested knowledge for /app/data/T0002/46475/b6028yl/universalinit-46475/src/universalinit/templates/kotlin/app/src/main/res/menu/menu_main.xml
2025-11-10 10:55:59,259 - Knowledge - INFO - process ingested knowledge for /app/data/T0002/46475/b6028yl/universalinit-46475/src/universalinit/templates/kotlin/app/src/main/res/values-night/themes.xml
2025-11-10 10:55:59,261 - Knowledge - INFO - process ingested knowledge for /app/data/T0002/46475/b6028yl/universalinit-46475/src/universalinit/templates/kotlin/app/src/main/res/values-w1240dp/dimens.xml
2025-11-10 10:55:59,342 - Knowledge - INFO - process ingested knowledge for /app/data/T0002/46475/b6028yl/universalinit-46475/src/universalinit/templates/kotlin/app/src/main/AndroidManifest.xml
2025-11-10 10:55:59,346 - Knowledge - INFO - Processing batch of 100 files
2025-11-10 10:55:59,346 - Knowledge - INFO - process ingested knowledge for /app/data/T0002/46475/b6028yl/universalinit-46475/test/test_nuxt_template.py
2025-11-10 10:55:59,349 - Knowledge - INFO - process ingested knowledge for /app/data/T0002/46475/b6028yl/universalinit-46475/src/universalinit/templates/kotlin/app/build.gradle.kts
2025-11-10 10:55:59,351 - Knowledge - INFO - process ingested knowledge for /app/data/T0002/46475/b6028yl/universalinit-46475/src/universalinit/templates/kotlin/app/proguard-rules.pro
2025-11-10 10:55:59,352 - Knowledge - INFO - process ingested knowledge for /app/data/T0002/46475/b6028yl/universalinit-46475/test/test_typescript_template.py
2025-11-10 10:55:59,357 - Knowledge - INFO - process ingested knowledge for /app/data/T0002/46475/b6028yl/universalinit-46475/test/test_slidev_template.py
2025-11-10 10:55:59,360 - Knowledge - INFO - process ingested knowledge for /app/data/T0002/46475/b6028yl/universalinit-46475/src/universalinit/templates/kotlin/build.gradle.kts
2025-11-10 10:55:59,363 - Knowledge - INFO - process ingested knowledge for /app/data/T0002/46475/b6028yl/universalinit-46475/src/universalinit/templates/kotlin/gradle/libs.versions.toml
2025-11-10 10:55:59,437 - Knowledge - INFO - process ingested knowledge for /app/data/T0002/46475/b6028yl/universalinit-46475/test/test_django_template.py
2025-11-10 10:55:59,439 - Knowledge - INFO - process ingested knowledge for /app/data/T0002/46475/b6028yl/universalinit-46475/src/universalinit/templates/android/config.yml
2025-11-10 10:55:59,442 - Knowledge - INFO - process ingested knowledge for /app/data/T0002/46475/b6028yl/universalinit-46475/test/test_svelte_template.py
2025-11-10 10:55:59,444 - Knowledge - INFO - process ingested knowledge for /app/data/T0002/46475/b6028yl/universalinit-46475/src/universalinit/templates/android/init_script.sh
2025-11-10 10:55:59,457 - Knowledge - INFO - process ingested knowledge for /app/data/T0002/46475/b6028yl/universalinit-46475/src/universalinit/templates/lightningjs/src/pages/Home.ts
2025-11-10 10:55:59,459 - Knowledge - INFO - process ingested knowledge for /app/data/T0002/46475/b6028yl/universalinit-46475/test/test_android_template.py
2025-11-10 10:55:59,461 - Knowledge - INFO - process ingested knowledge for /app/data/T0002/46475/b6028yl/universalinit-46475/src/universalinit/templates/lightningjs/src/App.ts
2025-11-10 10:55:59,462 - Knowledge - INFO - process ingested knowledge for /app/data/T0002/46475/b6028yl/universalinit-46475/test/test_lightningjs_template.py
2025-11-10 10:55:59,545 - Knowledge - INFO - process ingested knowledge for /app/data/T0002/46475/b6028yl/universalinit-46475/test/test_kotlin_template.py
2025-11-10 10:55:59,554 - Knowledge - INFO - process ingested knowledge for /app/data/T0002/46475/b6028yl/universalinit-46475/src/universalinit/templates/lightningjs/src/components/Loader.ts
2025-11-10 10:55:59,557 - Knowledge - INFO - process ingested knowledge for /app/data/T0002/46475/b6028yl/universalinit-46475/test/test_flask_template.py
2025-11-10 10:55:59,557 - Knowledge - INFO - process ingested knowledge for /app/data/T0002/46475/b6028yl/universalinit-46475/src/universalinit/templates/lightningjs/src/index.ts
2025-11-10 10:55:59,561 - Knowledge - INFO - process ingested knowledge for /app/data/T0002/46475/b6028yl/universalinit-46475/test/test_integration.py
2025-11-10 10:55:59,563 - Knowledge - INFO - process ingested knowledge for /app/data/T0002/46475/b6028yl/universalinit-46475/test/test_astro_template.py
2025-11-10 10:55:59,566 - Knowledge - INFO - process ingested knowledge for /app/data/T0002/46475/b6028yl/universalinit-46475/src/universalinit/templates/lightningjs/package.json
2025-11-10 10:55:59,569 - Knowledge - INFO - process ingested knowledge for /app/data/T0002/46475/b6028yl/universalinit-46475/src/universalinit/templates/lightningjs/config.yml
2025-11-10 10:55:59,569 - Knowledge - INFO - process ingested knowledge for /app/data/T0002/46475/b6028yl/universalinit-46475/test/test_remix_template.py
2025-11-10 10:55:59,651 - Knowledge - INFO - process ingested knowledge for /app/data/T0002/46475/b6028yl/universalinit-46475/test/test_remotion_template.py
2025-11-10 10:55:59,655 - Knowledge - INFO - process ingested knowledge for /app/data/T0002/46475/b6028yl/universalinit-46475/test/test_vue_template.py
2025-11-10 10:55:59,658 - Knowledge - INFO - process ingested knowledge for /app/data/T0002/46475/b6028yl/universalinit-46475/src/universalinit/templates/lightningjs/eslint.config.cjs
2025-11-10 10:55:59,660 - Knowledge - INFO - process ingested knowledge for /app/data/T0002/46475/b6028yl/universalinit-46475/test/test_fastapi_template.py
2025-11-10 10:55:59,665 - Knowledge - INFO - process ingested knowledge for /app/data/T0002/46475/b6028yl/universalinit-46475/test/test_vite_template.py
2025-11-10 10:55:59,670 - Knowledge - INFO - process ingested knowledge for /app/data/T0002/46475/b6028yl/universalinit-46475/test/test_nativescript_template.py
2025-11-10 10:55:59,673 - Knowledge - INFO - process ingested knowledge for /app/data/T0002/46475/b6028yl/universalinit-46475/src/universalinit/templates/lightningjs/tsconfig.json
2025-11-10 10:55:59,675 - Knowledge - INFO - process ingested knowledge for /app/data/T0002/46475/b6028yl/universalinit-46475/test/test_nextjs_template.py
2025-11-10 10:55:59,680 - Knowledge - INFO - process ingested knowledge for /app/data/T0002/46475/b6028yl/universalinit-46475/test/conftest.py
2025-11-10 10:55:59,771 - Knowledge - INFO - process ingested knowledge for /app/data/T0002/46475/b6028yl/universalinit-46475/test/test_qwik_template.py
2025-11-10 10:55:59,777 - Knowledge - INFO - process ingested knowledge for /app/data/T0002/46475/b6028yl/universalinit-46475/src/universalinit/templates/lightningjs/README.md
2025-11-10 10:55:59,785 - Knowledge - INFO - process ingested knowledge for /app/data/T0002/46475/b6028yl/universalinit-46475/src/universalinit/templates/lightningjs/index.html
2025-11-10 10:55:59,788 - Knowledge - INFO - process ingested knowledge for /app/data/T0002/46475/b6028yl/universalinit-46475/src/universalinit/templates/lightningjs/vite.config.js
2025-11-10 10:55:59,790 - Knowledge - INFO - process ingested knowledge for /app/data/T0002/46475/b6028yl/universalinit-46475/test/test_express_template.py
2025-11-10 10:55:59,793 - Knowledge - INFO - process ingested knowledge for /app/data/T0002/46475/b6028yl/universalinit-46475/test/test_angular_template.py
2025-11-10 10:55:59,795 - Knowledge - INFO - process ingested knowledge for /app/data/T0002/46475/b6028yl/universalinit-46475/test/test_flutter_template.py
2025-11-10 10:55:59,799 - Knowledge - INFO - process ingested knowledge for /app/data/T0002/46475/b6028yl/universalinit-46475/src/universalinit/templates/astro/package.json
2025-11-10 10:55:59,884 - Knowledge - INFO - process ingested knowledge for /app/data/T0002/46475/b6028yl/universalinit-46475/src/universalinit/universalinit.py
2025-11-10 10:55:59,888 - Knowledge - INFO - process ingested knowledge for /app/data/T0002/46475/b6028yl/universalinit-46475/src/universalinit/templates.py
2025-11-10 10:55:59,889 - Knowledge - INFO - process ingested knowledge for /app/data/T0002/46475/b6028yl/universalinit-46475/src/universalinit/templates/astro/config.yml
2025-11-10 10:55:59,896 - Knowledge - INFO - process ingested knowledge for /app/data/T0002/46475/b6028yl/universalinit-46475/src/universalinit/templateconfig.py
2025-11-10 10:55:59,909 - Knowledge - INFO - process ingested knowledge for /app/data/T0002/46475/b6028yl/universalinit-46475/src/universalinit/cli.py
2025-11-10 10:55:59,913 - Knowledge - INFO - process ingested knowledge for /app/data/T0002/46475/b6028yl/universalinit-46475/src/universalinit/templates/astro/tsconfig.json
2025-11-10 10:55:59,915 - Knowledge - INFO - process ingested knowledge for /app/data/T0002/46475/b6028yl/universalinit-46475/src/universalinit/templates/vue/env.d.ts
2025-11-10 10:55:59,918 - Knowledge - INFO - process ingested knowledge for /app/data/T0002/46475/b6028yl/universalinit-46475/src/universalinit/templates/vue/vitest.config.ts
2025-11-10 10:55:59,995 - Knowledge - INFO - process ingested knowledge for /app/data/T0002/46475/b6028yl/universalinit-46475/src/universalinit/templates/astro/astro.config.mjs
2025-11-10 10:55:59,998 - Knowledge - INFO - process ingested knowledge for /app/data/T0002/46475/b6028yl/universalinit-46475/src/universalinit/templates/vue/src/stores/counter.ts
2025-11-10 10:56:00,000 - Knowledge - INFO - process ingested knowledge for /app/data/T0002/46475/b6028yl/universalinit-46475/src/universalinit/templates/vue/src/main.ts
2025-11-10 10:56:00,002 - Knowledge - INFO - process ingested knowledge for /app/data/T0002/46475/b6028yl/universalinit-46475/src/universalinit/templates/vue/src/components/__tests__/HelloWorld.spec.ts
2025-11-10 10:56:00,005 - Knowledge - INFO - process ingested knowledge for /app/data/T0002/46475/b6028yl/universalinit-46475/src/universalinit/templates/vue/src/router/index.ts
2025-11-10 10:56:00,006 - Knowledge - INFO - process ingested knowledge for /app/data/T0002/46475/b6028yl/universalinit-46475/src/universalinit/templates/astro/README.md
2025-11-10 10:56:00,009 - Knowledge - INFO - process ingested knowledge for /app/data/T0002/46475/b6028yl/universalinit-46475/src/universalinit/templates/astro/eslint.config.mjs
2025-11-10 10:56:00,011 - Knowledge - INFO - process ingested knowledge for /app/data/T0002/46475/b6028yl/universalinit-46475/src/universalinit/templates/remix/package.json
2025-11-10 10:56:00,014 - Knowledge - INFO - process ingested knowledge for /app/data/T0002/46475/b6028yl/universalinit-46475/src/universalinit/templates/vue/src/assets/main.css
2025-11-10 10:56:00,021 - Knowledge - INFO - process ingested knowledge for /app/data/T0002/46475/b6028yl/universalinit-46475/src/universalinit/templates/vue/src/assets/base.css
2025-11-10 10:56:00,023 - Knowledge - INFO - process ingested knowledge for /app/data/T0002/46475/b6028yl/universalinit-46475/src/universalinit/templates/vue/eslint.config.ts
2025-11-10 10:56:00,027 - Knowledge - INFO - process ingested knowledge for /app/data/T0002/46475/b6028yl/universalinit-46475/src/universalinit/templates/vue/tsconfig.app.json
2025-11-10 10:56:00,029 - Knowledge - INFO - process ingested knowledge for /app/data/T0002/46475/b6028yl/universalinit-46475/src/universalinit/templates/remix/config.yml
2025-11-10 10:56:00,030 - Knowledge - INFO - process ingested knowledge for /app/data/T0002/46475/b6028yl/universalinit-46475/src/universalinit/templates/vue/package.json
2025-11-10 10:56:00,032 - Knowledge - INFO - process ingested knowledge for /app/data/T0002/46475/b6028yl/universalinit-46475/src/universalinit/templates/remix/postcss.config.js
2025-11-10 10:56:00,032 - Knowledge - INFO - process ingested knowledge for /app/data/T0002/46475/b6028yl/universalinit-46475/src/universalinit/templates/vue/tsconfig.vitest.json
2025-11-10 10:56:00,034 - Knowledge - INFO - process ingested knowledge for /app/data/T0002/46475/b6028yl/universalinit-46475/src/universalinit/templates/vue/config.yml
2025-11-10 10:56:00,036 - Knowledge - INFO - process ingested knowledge for /app/data/T0002/46475/b6028yl/universalinit-46475/src/universalinit/templates/remix/app/entry.server.tsx
2025-11-10 10:56:00,038 - Knowledge - INFO - process ingested knowledge for /app/data/T0002/46475/b6028yl/universalinit-46475/src/universalinit/templates/vue/vite.config.ts
2025-11-10 10:56:00,041 - Knowledge - INFO - process ingested knowledge for /app/data/T0002/46475/b6028yl/universalinit-46475/src/universalinit/templates/vue/tsconfig.node.json
2025-11-10 10:56:00,043 - Knowledge - INFO - process ingested knowledge for /app/data/T0002/46475/b6028yl/universalinit-46475/src/universalinit/templates/vue/tsconfig.json
2025-11-10 10:56:00,052 - Knowledge - INFO - process ingested knowledge for /app/data/T0002/46475/b6028yl/universalinit-46475/src/universalinit/templates/remix/app/entry.client.tsx
2025-11-10 10:56:00,139 - Knowledge - INFO - process ingested knowledge for /app/data/T0002/46475/b6028yl/universalinit-46475/src/universalinit/templates/remix/app/routes/_index.tsx
2025-11-10 10:56:00,141 - Knowledge - INFO - process ingested knowledge for /app/data/T0002/46475/b6028yl/universalinit-46475/src/universalinit/templates/vue/README.md
2025-11-10 10:56:00,145 - Knowledge - INFO - process ingested knowledge for /app/data/T0002/46475/b6028yl/universalinit-46475/src/universalinit/templates/remix/app/root.tsx
2025-11-10 10:56:00,152 - Knowledge - INFO - process ingested knowledge for /app/data/T0002/46475/b6028yl/universalinit-46475/src/universalinit/templates/vue/index.html
2025-11-10 10:56:00,152 - Knowledge - INFO - process ingested knowledge for /app/data/T0002/46475/b6028yl/universalinit-46475/src/universalinit/templates/remix/app/tailwind.css
2025-11-10 10:56:00,155 - Knowledge - INFO - process ingested knowledge for /app/data/T0002/46475/b6028yl/universalinit-46475/src/universalinit/templates/remix/vite.config.ts
2025-11-10 10:56:00,157 - Knowledge - INFO - process ingested knowledge for /app/data/T0002/46475/b6028yl/universalinit-46475/src/universalinit/templates/fastapi/src/api/main.py
2025-11-10 10:56:00,161 - Knowledge - INFO - process ingested knowledge for /app/data/T0002/46475/b6028yl/universalinit-46475/src/universalinit/templates/remix/tsconfig.json
2025-11-10 10:56:00,165 - Knowledge - INFO - process ingested knowledge for /app/data/T0002/46475/b6028yl/universalinit-46475/src/universalinit/templates/remix/tailwind.config.ts
2025-11-10 10:56:00,168 - Knowledge - INFO - process ingested knowledge for /app/data/T0002/46475/b6028yl/universalinit-46475/src/universalinit/templates/remix/README.md
2025-11-10 10:56:00,170 - Knowledge - INFO - process ingested knowledge for /app/data/T0002/46475/b6028yl/universalinit-46475/src/universalinit/templates/fastapi/requirements.txt
2025-11-10 10:56:00,173 - Knowledge - INFO - process ingested knowledge for /app/data/T0002/46475/b6028yl/universalinit-46475/src/universalinit/templates/fastapi/config.yml
2025-11-10 10:56:00,175 - Knowledge - INFO - process ingested knowledge for /app/data/T0002/46475/b6028yl/universalinit-46475/src/universalinit/templates/remotion/src/HelloWorld/constants.ts
2025-11-10 10:56:00,176 - Knowledge - INFO - process ingested knowledge for /app/data/T0002/46475/b6028yl/universalinit-46475/src/universalinit/templates/vite/src/main.js
2025-11-10 10:56:00,178 - Knowledge - INFO - process ingested knowledge for /app/data/T0002/46475/b6028yl/universalinit-46475/src/universalinit/templates/remotion/src/HelloWorld/Atom.tsx
2025-11-10 10:56:00,180 - Knowledge - INFO - process ingested knowledge for /app/data/T0002/46475/b6028yl/universalinit-46475/src/universalinit/templates/remotion/src/HelloWorld/Logo.tsx
2025-11-10 10:56:00,182 - Knowledge - INFO - process ingested knowledge for /app/data/T0002/46475/b6028yl/universalinit-46475/src/universalinit/templates/vite/src/style.css
2025-11-10 10:56:00,296 - Knowledge - INFO - process ingested knowledge for /app/data/T0002/46475/b6028yl/universalinit-46475/src/universalinit/templates/remotion/src/HelloWorld/Subtitle.tsx
2025-11-10 10:56:00,310 - Knowledge - INFO - process ingested knowledge for /app/data/T0002/46475/b6028yl/universalinit-46475/src/universalinit/templates/remotion/src/HelloWorld/Arc.tsx
2025-11-10 10:56:00,316 - Knowledge - INFO - process ingested knowledge for /app/data/T0002/46475/b6028yl/universalinit-46475/src/universalinit/templates/remotion/src/HelloWorld/Title.tsx
2025-11-10 10:56:00,323 - Knowledge - INFO - process ingested knowledge for /app/data/T0002/46475/b6028yl/universalinit-46475/src/universalinit/templates/vite/src/counter.js
2025-11-10 10:56:00,325 - Knowledge - INFO - process ingested knowledge for /app/data/T0002/46475/b6028yl/universalinit-46475/src/universalinit/templates/remotion/src/Root.tsx
2025-11-10 10:56:00,327 - Knowledge - INFO - process ingested knowledge for /app/data/T0002/46475/b6028yl/universalinit-46475/src/universalinit/templates/vite/package.json
2025-11-10 10:56:00,332 - Knowledge - INFO - process ingested knowledge for /app/data/T0002/46475/b6028yl/universalinit-46475/src/universalinit/templates/vite/config.yml
2025-11-10 10:56:00,417 - Knowledge - INFO - process ingested knowledge for /app/data/T0002/46475/b6028yl/universalinit-46475/src/universalinit/templates/vite/tsconfig.json
2025-11-10 10:56:00,418 - Knowledge - INFO - process ingested knowledge for /app/data/T0002/46475/b6028yl/universalinit-46475/src/universalinit/templates/remotion/src/HelloWorld.tsx
2025-11-10 10:56:00,422 - Knowledge - INFO - process ingested knowledge for /app/data/T0002/46475/b6028yl/universalinit-46475/src/universalinit/templates/vite/eslint.config.mjs
2025-11-10 10:56:00,423 - Knowledge - INFO - process ingested knowledge for /app/data/T0002/46475/b6028yl/universalinit-46475/src/universalinit/templates/remotion/src/index.ts
2025-11-10 10:56:00,426 - Knowledge - INFO - process ingested knowledge for /app/data/T0002/46475/b6028yl/universalinit-46475/src/universalinit/templates/remotion/package.json
2025-11-10 10:56:00,430 - Knowledge - INFO - process ingested knowledge for /app/data/T0002/46475/b6028yl/universalinit-46475/src/universalinit/templates/vite/index.html
2025-11-10 10:56:00,433 - Knowledge - INFO - process ingested knowledge for /app/data/T0002/46475/b6028yl/universalinit-46475/src/universalinit/templates/vite/vite.config.js
2025-11-10 10:56:00,434 - Knowledge - INFO - process ingested knowledge for /app/data/T0002/46475/b6028yl/universalinit-46475/src/universalinit/templates/remotion/remotion.config.ts
2025-11-10 10:56:00,438 - Knowledge - INFO - process ingested knowledge for /app/data/T0002/46475/b6028yl/universalinit-46475/src/universalinit/templates/remotion/config.yml
2025-11-10 10:56:00,442 - Knowledge - INFO - process ingested knowledge for /app/data/T0002/46475/b6028yl/universalinit-46475/src/universalinit/templates/remotion/tsconfig.json
2025-11-10 10:56:00,533 - Knowledge - INFO - process ingested knowledge for /app/data/T0002/46475/b6028yl/universalinit-46475/src/universalinit/templates/nativescript/package.json
2025-11-10 10:56:00,534 - Knowledge - INFO - process ingested knowledge for /app/data/T0002/46475/b6028yl/universalinit-46475/src/universalinit/templates/remotion/README.md
2025-11-10 10:56:00,537 - Knowledge - INFO - process ingested knowledge for /app/data/T0002/46475/b6028yl/universalinit-46475/src/universalinit/templates/remotion/eslint.config.mjs
2025-11-10 10:56:00,539 - Knowledge - INFO - process ingested knowledge for /app/data/T0002/46475/b6028yl/universalinit-46475/src/universalinit/templates/nativescript/webpack.config.js
2025-11-10 10:56:00,540 - Knowledge - INFO - process ingested knowledge for /app/data/T0002/46475/b6028yl/universalinit-46475/src/universalinit/templates/django/manage.py
2025-11-10 10:56:00,542 - Knowledge - INFO - process ingested knowledge for /app/data/T0002/46475/b6028yl/universalinit-46475/src/universalinit/templates/nativescript/config.yml
2025-11-10 10:56:00,543 - Knowledge - INFO - process ingested knowledge for /app/data/T0002/46475/b6028yl/universalinit-46475/src/universalinit/templates/django/requirements.txt
2025-11-10 10:56:00,544 - Knowledge - INFO - process ingested knowledge for /app/data/T0002/46475/b6028yl/universalinit-46475/src/universalinit/templates/nativescript/app/app.css
2025-11-10 10:56:00,548 - Knowledge - INFO - process ingested knowledge for /app/data/T0002/46475/b6028yl/universalinit-46475/src/universalinit/templates/nativescript/app/app.js
2025-11-10 10:56:00,552 - Knowledge - INFO - process ingested knowledge for /app/data/T0002/46475/b6028yl/universalinit-46475/src/universalinit/templates/django/api/admin.py
2025-11-10 10:56:00,627 - Knowledge - INFO - process ingested knowledge for /app/data/T0002/46475/b6028yl/universalinit-46475/src/universalinit/templates/nativescript/app/app-root.xml
2025-11-10 10:56:00,628 - Knowledge - INFO - process ingested knowledge for /app/data/T0002/46475/b6028yl/universalinit-46475/src/universalinit/templates/django/api/tests.py
2025-11-10 10:56:00,630 - Knowledge - INFO - process ingested knowledge for /app/data/T0002/46475/b6028yl/universalinit-46475/src/universalinit/templates/nativescript/app/home/home-page.xml
2025-11-10 10:56:00,633 - Knowledge - INFO - process ingested knowledge for /app/data/T0002/46475/b6028yl/universalinit-46475/src/universalinit/templates/nativescript/app/home/home-view-model.js
2025-11-10 10:56:00,635 - Knowledge - INFO - process ingested knowledge for /app/data/T0002/46475/b6028yl/universalinit-46475/src/universalinit/templates/nativescript/app/home/home-page.js
2025-11-10 10:56:00,637 - Knowledge - INFO - process ingested knowledge for /app/data/T0002/46475/b6028yl/universalinit-46475/src/universalinit/templates/nativescript/nativescript.config.ts
2025-11-10 10:56:00,920 - Knowledge - INFO - process ingested knowledge for /app/data/T0002/46475/b6028yl/universalinit-46475/src/universalinit/templates/nativescript/App_Resources/Android/src/main/res/values/colors.xml
2025-11-10 10:56:01,013 - Knowledge - INFO - process ingested knowledge for /app/data/T0002/46475/b6028yl/universalinit-46475/src/universalinit/templates/nativescript/App_Resources/Android/src/main/res/values/styles.xml
2025-11-10 10:56:01,103 - Knowledge - INFO - process ingested knowledge for /app/data/T0002/46475/b6028yl/universalinit-46475/src/universalinit/templates/nativescript/App_Resources/Android/src/main/res/values/ic_launcher_background.xml
2025-11-10 10:56:01,112 - Knowledge - INFO - process ingested knowledge for /app/data/T0002/46475/b6028yl/universalinit-46475/src/universalinit/templates/nativescript/App_Resources/Android/src/main/res/drawable/ic_launcher_foreground.xml
2025-11-10 10:56:01,118 - Knowledge - INFO - process ingested knowledge for /app/data/T0002/46475/b6028yl/universalinit-46475/src/universalinit/templates/nativescript/App_Resources/Android/src/main/res/values-v21/colors.xml
2025-11-10 10:56:01,124 - Knowledge - INFO - process ingested knowledge for /app/data/T0002/46475/b6028yl/universalinit-46475/src/universalinit/templates/nativescript/App_Resources/Android/src/main/res/values-v21/styles.xml
2025-11-10 10:56:01,227 - Knowledge - INFO - process ingested knowledge for /app/data/T0002/46475/b6028yl/universalinit-46475/src/universalinit/templates/nativescript/App_Resources/Android/src/main/res/values-v29/styles.xml
2025-11-10 10:56:01,418 - Knowledge - INFO - process ingested knowledge for /app/data/T0002/46475/b6028yl/universalinit-46475/src/universalinit/templates/nativescript/App_Resources/Android/src/main/res/mipmap-anydpi-v26/ic_launcher.xml
2025-11-10 10:56:01,542 - Knowledge - INFO - process ingested knowledge for /app/data/T0002/46475/b6028yl/universalinit-46475/src/universalinit/templates/nativescript/App_Resources/Android/src/main/res/drawable-nodpi/splash_screen.xml
2025-11-10 10:56:01,643 - Knowledge - INFO - process ingested knowledge for /app/data/T0002/46475/b6028yl/universalinit-46475/src/universalinit/templates/nativescript/App_Resources/Android/src/main/AndroidManifest.xml
2025-11-10 10:56:01,870 - Knowledge - INFO - process ingested knowledge for /app/data/T0002/46475/b6028yl/universalinit-46475/src/universalinit/templates/nativescript/App_Resources/Android/app.gradle
2025-11-10 10:56:02,103 - Knowledge - INFO - process ingested knowledge for /app/data/T0002/46475/b6028yl/universalinit-46475/src/universalinit/templates/nativescript/App_Resources/Android/before-plugins.gradle
2025-11-10 10:56:02,214 - Knowledge - INFO - process ingested knowledge for /app/data/T0002/46475/b6028yl/universalinit-46475/src/universalinit/templates/nativescript/App_Resources/iOS/Assets.xcassets/Contents.json
2025-11-10 10:56:02,217 - Knowledge - INFO - process ingested knowledge for /app/data/T0002/46475/b6028yl/universalinit-46475/src/universalinit/templates/nativescript/App_Resources/iOS/Assets.xcassets/AppIcon.appiconset/Contents.json
2025-11-10 10:56:02,565 - Knowledge - INFO - process ingested knowledge for /app/data/T0002/46475/b6028yl/universalinit-46475/src/universalinit/templates/nativescript/App_Resources/iOS/Assets.xcassets/LaunchScreen.AspectFill.imageset/Contents.json
2025-11-10 10:56:02,572 - Knowledge - INFO - process ingested knowledge for /app/data/T0002/46475/b6028yl/universalinit-46475/src/universalinit/templates/nativescript/App_Resources/iOS/Assets.xcassets/LaunchScreen.Center.imageset/Contents.json
2025-11-10 10:56:02,674 - Knowledge - INFO - process ingested knowledge for /app/data/T0002/46475/b6028yl/universalinit-46475/src/universalinit/templates/nativescript/jsconfig.json
2025-11-10 10:56:02,680 - Knowledge - INFO - process ingested knowledge for /app/data/T0002/46475/b6028yl/universalinit-46475/src/universalinit/templates/qwik/src/global.css
2025-11-10 10:56:02,872 - Knowledge - INFO - process ingested knowledge for /app/data/T0002/46475/b6028yl/universalinit-46475/src/universalinit/templates/qwik/src/entry.dev.tsx
2025-11-10 10:56:03,033 - Knowledge - INFO - process ingested knowledge for /app/data/T0002/46475/b6028yl/universalinit-46475/src/universalinit/templates/qwik/src/routes/index.tsx
2025-11-10 10:56:03,043 - Knowledge - INFO - process ingested knowledge for /app/data/T0002/46475/b6028yl/universalinit-46475/src/universalinit/templates/qwik/src/routes/demo/todolist/index.tsx
2025-11-10 10:56:03,046 - Knowledge - INFO - process ingested knowledge for /app/data/T0002/46475/b6028yl/universalinit-46475/src/universalinit/templates/qwik/src/routes/demo/todolist/todolist.module.css
2025-11-10 10:56:03,126 - Knowledge - INFO - process ingested knowledge for /app/data/T0002/46475/b6028yl/universalinit-46475/src/universalinit/templates/qwik/src/routes/demo/flower/flower.css
2025-11-10 10:56:03,129 - Knowledge - INFO - process ingested knowledge for /app/data/T0002/46475/b6028yl/universalinit-46475/src/universalinit/templates/qwik/src/routes/demo/flower/index.tsx
2025-11-10 10:56:03,217 - Knowledge - INFO - process ingested knowledge for /app/data/T0002/46475/b6028yl/universalinit-46475/src/universalinit/templates/qwik/src/routes/service-worker.ts
2025-11-10 10:56:03,220 - Knowledge - INFO - process ingested knowledge for /app/data/T0002/46475/b6028yl/universalinit-46475/src/universalinit/templates/qwik/src/routes/layout.tsx
2025-11-10 10:56:03,304 - Knowledge - INFO - process ingested knowledge for /app/data/T0002/46475/b6028yl/universalinit-46475/src/universalinit/templates/qwik/src/routes/styles.css
2025-11-10 10:56:03,382 - Knowledge - INFO - process ingested knowledge for /app/data/T0002/46475/b6028yl/universalinit-46475/src/universalinit/templates/qwik/src/components/router-head/router-head.tsx
2025-11-10 10:56:03,385 - Knowledge - INFO - process ingested knowledge for /app/data/T0002/46475/b6028yl/universalinit-46475/src/universalinit/templates/qwik/src/components/starter/counter/counter.tsx
2025-11-10 10:56:03,520 - Knowledge - INFO - process ingested knowledge for /app/data/T0002/46475/b6028yl/universalinit-46475/src/universalinit/templates/qwik/src/components/starter/counter/counter.module.css
2025-11-10 10:56:03,526 - Knowledge - INFO - process ingested knowledge for /app/data/T0002/46475/b6028yl/universalinit-46475/src/universalinit/templates/qwik/src/components/starter/icons/qwik.tsx
2025-11-10 10:56:03,667 - Knowledge - INFO - process ingested knowledge for /app/data/T0002/46475/b6028yl/universalinit-46475/src/universalinit/templates/qwik/src/components/starter/hero/hero.module.css
2025-11-10 10:56:03,744 - Knowledge - INFO - process ingested knowledge for /app/data/T0002/46475/b6028yl/universalinit-46475/src/universalinit/templates/qwik/src/components/starter/hero/hero.tsx
2025-11-10 10:56:05,694 - Knowledge - INFO - [WEBSOCKET] Sent: Type=progress_update, Size: 273, Duration: 0ms
2025-11-10 10:56:05,696 - Knowledge - INFO - [WEBSOCKET] Sent: Type=unknown, Size: ?, Duration: 2ms
2025-11-10 10:56:05,696 - Knowledge - INFO - Progress: 100.0% | Files: 312/312 | Rate: 8.90 files/sec | Queue: 0
2025-11-10 10:56:18,864 - Knowledge - INFO - Knowledge creation complete
2025-11-10 10:56:18,864 - Knowledge - INFO - ==================================================
2025-11-10 10:56:18,864 - Knowledge - INFO - KNOWLEDGE GRAPH GENERATION PERFORMANCE SUMMARY
2025-11-10 10:56:18,865 - Knowledge - INFO - ==================================================
2025-11-10 10:56:18,865 - Knowledge - INFO - Total processing time: 48.28 seconds (0.80 minutes)
2025-11-10 10:56:18,865 - Knowledge - INFO - Files processed: 0
2025-11-10 10:56:18,865 - Knowledge - INFO - Processing rate: 0.00 files/second
2025-11-10 10:56:18,865 - Knowledge - INFO - 
[TIME_BREAKDOWN]
2025-11-10 10:56:18,865 - Knowledge - INFO - File Reading: 0.00s (0.0%)
2025-11-10 10:56:18,865 - Knowledge - INFO - LLM Processing: 190.92s (395.5%)
2025-11-10 10:56:18,866 - Knowledge - INFO - MongoDB Operations: 0.00s (0.0%)
2025-11-10 10:56:18,866 - Knowledge - INFO - Redis Operations: 0.00s (0.0%)
2025-11-10 10:56:18,866 - Knowledge - INFO - WebSocket Communication: 0.00s (0.0%)
2025-11-10 10:56:18,866 - Knowledge - INFO - 
[LLM_STATS]
2025-11-10 10:56:18,866 - Knowledge - INFO - Total LLM calls: 16
2025-11-10 10:56:18,866 - Knowledge - INFO - Average LLM response time: 11933ms
2025-11-10 10:56:18,867 - Knowledge - INFO - Average prompt tokens: 43035.5
2025-11-10 10:56:18,867 - Knowledge - INFO - Average completion tokens: 2186.8
2025-11-10 10:56:18,867 - Knowledge - INFO - Total prompt tokens: 688568
2025-11-10 10:56:18,868 - Knowledge - INFO - Total completion tokens: 34988
2025-11-10 10:56:18,868 - Knowledge - INFO - Total LLM cost: $0.0000
2025-11-10 10:56:18,868 - Knowledge - INFO - 
[DATABASE_STATS]
2025-11-10 10:56:18,868 - Knowledge - INFO - MongoDB operations: 0
2025-11-10 10:56:18,868 - Knowledge - INFO - Redis operations: 0
2025-11-10 10:56:18,869 - Knowledge - INFO - 
[COMMUNICATION_STATS]
2025-11-10 10:56:18,869 - Knowledge - INFO - WebSocket messages sent: 4
2025-11-10 10:56:18,869 - Knowledge - INFO - Average message size: 141.0 bytes
2025-11-10 10:56:18,870 - Knowledge - INFO - 
[WORKER_STATS]
2025-11-10 10:56:18,870 - Knowledge - INFO - 
[FILE_TYPE_STATS]
2025-11-10 10:56:18,870 - Knowledge - INFO - 
[SLOWEST_FILES]
2025-11-10 10:56:18,871 - Knowledge - INFO - ==================================================
2025-11-10 10:56:18,873 - Knowledge - INFO - ==================================================
2025-11-10 10:56:18,873 - Knowledge - INFO - KNOWLEDGE GRAPH GENERATION PERFORMANCE SUMMARY
2025-11-10 10:56:18,874 - Knowledge - INFO - ==================================================
2025-11-10 10:56:18,874 - Knowledge - INFO - Total processing time: 48.36 seconds (0.81 minutes)
2025-11-10 10:56:18,874 - Knowledge - INFO - Files processed: 312 of 312
2025-11-10 10:56:18,875 - Knowledge - INFO - Processing rate: 6.45 files/second
2025-11-10 10:56:18,875 - Knowledge - INFO - WebSocket messages sent: 2
2025-11-10 10:56:18,875 - Knowledge - INFO - MongoDB operations: 312
2025-11-10 10:56:18,876 - Knowledge - INFO - Average MongoDB ops per file: 1.00
2025-11-10 10:56:18,876 - Knowledge - INFO - LLM costs: $0.0100
2025-11-10 10:56:18,876 - Knowledge - INFO - Prompt tokens: 79220
2025-11-10 10:56:18,876 - Knowledge - INFO - Completion tokens: 5316
2025-11-10 10:56:18,877 - Knowledge - INFO - Updating org costs, total cost: 0.010048399999999999
2025-11-10 10:56:19,756 - Knowledge - INFO - [WEBSOCKET] Sent: Type=progress_update, Size: 270, Duration: 0ms
2025-11-10 10:56:19,759 - Knowledge - INFO - Saving knowledge to Redis...
2025-11-10 10:56:19,995 - Knowledge - INFO - Knowledge saved to Redis successfully
